size,repeats,singles,maxRepeat,edges,psoIter,heuristic,blocks,score,time,left,right
 19, 5, 3,  5,  9,   , combine, 15,0.22,   0.000,"[9,0,4 0 3,7,6,3,6,0,4,1,6,0 8,4,1 1,0]","[1 1,0 8,9,6,6,7,0,1,0,0,3,4,6,4,4 0 3]"
 19, 5, 3,  5,  9,   ,combineS, 15,0.22,   0.000,"[9,0,4 0 3,7,6,3,6,0,4,1,6,0 8,4,1 1,0]","[1 1,0 8,9,6,6,7,0,1,0,0,3,4,6,4,4 0 3]"
 19, 5, 3,  5,  9,   ,  greedy, 15,0.22,   0.001,"[9,0,4 0 3,7,6,3,6,0,4,1,6,0,8,4,1 1 0]","[1 1 0,8,9,6,6,7,0,1,0,0,3,4,6,4,4 0 3]"
 19, 5, 3,  5,  9,  0,     pso, 15,0.22,   0.740,"[9,0,4 0 3,7,6,3,6,0,4,1,6,0,8,4,1 1 0]","[1 1 0,8,9,6,6,7,0,1,0,0,3,4,6,4,4 0 3]"
 19, 5, 3,  5,  9,  0, psoPure, 15,0.22,   0.738,"[9,0,4 0 3,7,6,3,6,0,4,1,6,0 8,4,1 1,0]","[1 1,0 8,9,6,6,7,0,1,0,0,3,4,6,4,4 0 3]"
 19, 5, 3,  5,  9,   ,     FPT, 15,0.22,   3.713,,
 20, 5, 2,  5, 12,   , combine, 12,0.42,   0.000,"[3,6 2,0 0,4 2,2,2 7 1,0 1,0,1,4,3 1 2,3]","[2,1,3,3 1 2,4,0 0,0 1,3,0,2 7 1,6 2,4 2]"
 20, 5, 2,  5, 12,   ,combineS, 12,0.42,   0.000,"[3,6 2,0 0,4 2,2,2 7 1,0 1,0,1,4,3 1 2,3]","[2,1,3,3 1 2,4,0 0,0 1,3,0,2 7 1,6 2,4 2]"
 20, 5, 2,  5, 12,   ,  greedy, 12,0.42,   0.000,"[3,6 2,0 0,4 2,2,2 7 1,0 1,0,1,4,3 1 2,3]","[2,1,3,3 1 2,4,0 0,0 1,3,0,2 7 1,6 2,4 2]"
 20, 5, 2,  5, 12,  0,     pso, 12,0.42,   1.580,"[3,6 2,0 0,4 2,2,2 7 1,0 1,0,1,4,3 1 2,3]","[2,1,3,3 1 2,4,0 0,0 1,3,0,2 7 1,6 2,4 2]"
 20, 5, 2,  5, 12,  0, psoPure, 12,0.42,   1.595,"[3,6 2,0 0,4 2,2,2 7 1,0,1,0 1,4,3 1 2,3]","[2,1,3,3 1 2,4,0 0,0 1,3,0,2 7 1,6 2,4 2]"
 20, 5, 2,  5, 12,   ,     FPT, 12,0.42,   2.480,,
 20, 5, 2,  6, 19,   , combine, 13,0.37,   0.000,"[4 1 3 4,4,3,1,6,5,4,0 2 1 2,0 1,2,1,2,1]","[0 2 1 2,3,4,2,6,1,1,1,0 1,4 1 3 4,2,4,5]"
 20, 5, 2,  6, 19,   ,combineS, 13,0.37,   0.000,"[4 1 3 4,4,3,1,6,5,4,0 2 1 2,0 1,2,1,2,1]","[0 2 1 2,3,4,2,6,1,1,1,0 1,4 1 3 4,2,4,5]"
 20, 5, 2,  6, 19,   ,  greedy, 13,0.37,   0.000,"[4 1 3 4,4,3,1,6,5,4,0 2 1 2,0 1,2,1,2,1]","[0 2 1 2,3,4,2,6,1,1,1,0 1,4 1 3 4,2,4,5]"
 20, 5, 2,  6, 19,  0,     pso, 13,0.37,   1.702,"[4 1 3 4,4,3,1,6,5,4,0 2 1 2,0 1,2,1,2,1]","[0 2 1 2,3,4,2,6,1,1,1,0 1,4 1 3 4,2,4,5]"
 20, 5, 2,  6, 19,  0, psoPure, 13,0.37,   1.778,"[4 1 3 4,4,3,1,6,5,4,0 2 1 2,0 1,2,1,2,1]","[0 2 1 2,3,4,2,6,1,1,1,0 1,4 1 3 4,2,4,5]"
 20, 5, 2,  6, 19,   ,     FPT, 13,0.37,   7.589,,
 20, 7, 3,  3,  2,   , combine, 18,0.11,   0.000,"[1,7,2,4,1,9,0,2,0,0,3,5,4 6,8,1,3,6,5 3]","[1,0,4 6,6,2,8,9,3,2,5 3,0,4,3,7,1,1,0,5]"
 20, 7, 3,  3,  2,   ,combineS, 18,0.11,   0.000,"[1,7,2,4,1,9,0,2,0,0,3,5,4 6,8,1,3,6,5 3]","[1,0,4 6,6,2,8,9,3,2,5 3,0,4,3,7,1,1,0,5]"
 20, 7, 3,  3,  2,   ,  greedy, 18,0.11,   0.001,"[1,7,2,4,1,9,0,2,0,0,3,5,4 6,8,1,3,6,5 3]","[1,0,4 6,6,2,8,9,3,2,5 3,0,4,3,7,1,1,0,5]"
 20, 7, 3,  3,  2,  0,     pso, 18,0.11,   0.140,"[1,7,2,4,1,9,0,2,0,0,3,5,4 6,8,1,3,6,5 3]","[1,0,4 6,6,2,8,9,3,2,5 3,0,4,3,7,1,1,0,5]"
 20, 7, 3,  3,  2,  0, psoPure, 18,0.11,   0.133,"[1,7,2,4,1,9,0,2,0,0,3,5,4 6,8,1,3,6,5 3]","[1,0,4 6,6,2,8,9,3,2,5 3,0,4,3,7,1,1,0,5]"
 20, 7, 3,  3,  2,   ,     FPT, 17,0.16,   0.416,,
 21, 5, 5,  7, 12,   , combine, 15,0.30,   0.000,"[3 6,5 0,3,1 5,7,5 3,1,0,5 5,5 9,10,6,11,5,8]","[7,10,11,3,0,5 3,8,3 6,1 5,5 0,6,5 9,5,1,5 5]"
 21, 5, 5,  7, 12,   ,combineS, 15,0.30,   0.000,"[3 6,5 0,3,1 5,7,5 3,1,0,5 5,5 9,10,6,11,5,8]","[7,10,11,3,0,5 3,8,3 6,1 5,5 0,6,5 9,5,1,5 5]"
 21, 5, 5,  7, 12,   ,  greedy, 17,0.20,   0.001,"[3,6 5,0,3,1 5,7,5 3,1,0,5 5,5,9,10,6,11,5,8]","[7,10,11,3,0,5 3,8,3,6,1 5,5,0,6 5,9,5,1,5 5]"
 21, 5, 5,  7, 12,  0,     pso, 15,0.30,   1.396,"[3 6,5 0,3,1 5,7,5 3,1,0,5 5,5 9,10,6,11,5,8]","[7,10,11,3,0,5 3,8,3 6,1 5,5 0,6,5 9,5,1,5 5]"
 21, 5, 5,  7, 12,  0, psoPure, 15,0.30,   1.360,"[3 6,5 0,3,1 5,7,5 3,1,0,5 5,5 9,10,6,11,5,8]","[7,10,11,3,0,5 3,8,3 6,1 5,5 0,6,5 9,5,1,5 5]"
 21, 5, 5,  7, 12,   ,     FPT, 15,0.30,   2.487,,
 22, 5, 5,  5, 11,   , combine, 16,0.29,   0.000,"[7,9,2 2,3,3,1 3 10,6,12 2,2,7 2,7,1,11,8,1 3,6]","[12 2,1 3 10,3,7,2 2,6,1,1 3,11,9,3,7,7 2,8,6,2]"
 22, 5, 5,  5, 11,   ,combineS, 16,0.29,   0.000,"[7,9,2 2,3,3,1 3 10,6,12 2,2,7 2,7,1,11,8,1 3,6]","[12 2,1 3 10,3,7,2 2,6,1,1 3,11,9,3,7,7 2,8,6,2]"
 22, 5, 5,  5, 11,   ,  greedy, 16,0.29,   0.001,"[7,9,2 2,3,3,1 3 10,6,12 2,2,7 2,7,1,11,8,1 3,6]","[12 2,1 3 10,3,7,2 2,6,1,1 3,11,9,3,7,7 2,8,6,2]"
 22, 5, 5,  5, 11,  0,     pso, 16,0.29,   1.291,"[7,9,2 2,3,3,1 3 10,6,12 2,2,7 2,7,1,11,8,1 3,6]","[12 2,1 3 10,3,7,2 2,6,1,1 3,11,9,3,7,7 2,8,6,2]"
 22, 5, 5,  5, 11,  0, psoPure, 16,0.29,   1.271,"[7,9,2 2,3,3,1 3 10,6,12 2,2,7 2,7,1,11,8,1 3,6]","[12 2,1 3 10,3,7,2 2,6,1,1 3,11,9,3,7,7 2,8,6,2]"
 22, 5, 5,  5, 11,   ,     FPT, 16,0.29,   1.162,,
 22, 7, 3,  6,  2,   , combine, 21,0.05,   0.000,"[3,7 1,4,6,7,4,6,4,8,2,11,1,3,2,4,8,9,10,4,8,4]","[4,7,8,7 1,2,6,6,11,4,3,4,4,9,2,1,4,10,8,8,3,4]"
 22, 7, 3,  6,  2,   ,combineS, 21,0.05,   0.000,"[3,7 1,4,6,7,4,6,4,8,2,11,1,3,2,4,8,9,10,4,8,4]","[4,7,8,7 1,2,6,6,11,4,3,4,4,9,2,1,4,10,8,8,3,4]"
 22, 7, 3,  6,  2,   ,  greedy, 21,0.05,   0.001,"[3,7 1,4,6,7,4,6,4,8,2,11,1,3,2,4,8,9,10,4,8,4]","[4,7,8,7 1,2,6,6,11,4,3,4,4,9,2,1,4,10,8,8,3,4]"
 22, 7, 3,  6,  2,  0,     pso, 21,0.05,   0.107,"[3,7 1,4,6,7,4,6,4,8,2,11,1,3,2,4,8,9,10,4,8,4]","[4,7,8,7 1,2,6,6,11,4,3,4,4,9,2,1,4,10,8,8,3,4]"
 22, 7, 3,  6,  2,  0, psoPure, 21,0.05,   0.106,"[3,7,1 4,6,7,4,6,4,8,2,11,1,3,2,4,8,9,10,4,8,4]","[4,7,8,7,1,2,6,6,11,4,3,4,4,9,2,1 4,10,8,8,3,4]"
 22, 7, 3,  6,  2,   ,     FPT, 20,0.10,   1.988,,
 22, 5, 8,  5,  8,   , combine, 18,0.19,   0.000,"[4,2 3,3,14,10,2,4,12,0,11 5,13,9,8,5 2,7,2,0 2,0]","[2,7,4,3,4,0,8,10,11 5,9,0,5 2,0 2,14,12,2 3,2,13]"
 22, 5, 8,  5,  8,   ,combineS, 17,0.24,   0.000,"[4,2 3,3,14,10,2,4,12,0,11 5,13,9,8,5,2 7,2 0 2,0]","[2 7,4,3,4,0,8,10,11 5,9,0,5,2 0 2,14,12,2 3,2,13]"
 22, 5, 8,  5,  8,   ,  greedy, 17,0.24,   0.001,"[4,2 3,3,14,10,2,4,12,0,11 5,13,9,8,5,2 7,2 0 2,0]","[2 7,4,3,4,0,8,10,11 5,9,0,5,2 0 2,14,12,2 3,2,13]"
 22, 5, 8,  5,  8,  0,     pso, 17,0.24,   0.827,"[4,2 3,3,14,10,2,4,12,0,11 5,13,9,8,5,2 7,2 0 2,0]","[2 7,4,3,4,0,8,10,11 5,9,0,5,2 0 2,14,12,2 3,2,13]"
 22, 5, 8,  5,  8,  0, psoPure, 17,0.24,   0.813,"[4,2 3,3,14,10,2,4,12,0,11 5,13,9,8,5,2 7,2 0 2,0]","[2 7,4,3,4,0,8,10,11 5,9,0,5,2 0 2,14,12,2 3,2,13]"
 22, 5, 8,  5,  8,   ,     FPT, 17,0.24,   0.509,,
 22, 5, 7,  4,  7,   , combine, 18,0.19,   0.000,"[6,3,0,4,1 3,11,3,8,9,1 1,1,5,3,4 5,12,0 7,10,4]","[3,10,4 5,1 1,8,0 7,1,4,3,11,4,9,0,5,1 3,3,6,12]"
 22, 5, 7,  4,  7,   ,combineS, 18,0.19,   0.000,"[6,3,0,4,1,3 11,3,8,9,1 1,1,5,3,4,5,12,0 7,10 4]","[3,10 4,5,1 1,8,0 7,1,4,3 11,4,9,0,5,1,3,3,6,12]"
 22, 5, 7,  4,  7,   ,  greedy, 18,0.19,   0.001,"[6,3,0,4,1,3 11,3,8,9,1 1,1,5,3,4,5,12,0 7,10 4]","[3,10 4,5,1 1,8,0 7,1,4,3 11,4,9,0,5,1,3,3,6,12]"
 22, 5, 7,  4,  7,  0,     pso, 18,0.19,   0.860,"[6,3,0,4,1 3,11,3,8,9,1 1,1,5,3,4 5,12,0 7,10,4]","[3,10,4 5,1 1,8,0 7,1,4,3,11,4,9,0,5,1 3,3,6,12]"
 22, 5, 7,  4,  7,  0, psoPure, 18,0.19,   0.867,"[6,3,0,4,1,3 11,3,8,9,1 1,1,5,3,4 5,12,0 7,10,4]","[3,10,4 5,1 1,8,0 7,1,4,3 11,4,9,0,5,1,3,3,6,12]"
 22, 5, 7,  4,  7,   ,     FPT, 18,0.19,   2.233,,
 23, 6, 6,  5, 11,   , combine, 18,0.23,   0.000,"[0,3 4,8,3,0,4,0,4,0,9,12,5 2 3,1,10 7,2,5,0 11,1]","[5,3,1,0,10 7,12,3 4,0,0 11,2,5 2 3,9,0,0,1,4,8,4]"
 23, 6, 6,  5, 11,   ,combineS, 17,0.27,   0.000,"[0,3,4 8,3,0,4 0,4,0,9,12,5 2 3,1,10 7,2,5,0 11,1]","[5,3,1,0,10 7,12,3,4 0,0 11,2,5 2 3,9,0,0,1,4 8,4]"
 23, 6, 6,  5, 11,   ,  greedy, 17,0.27,   0.001,"[0,3,4 8,3,0,4 0,4,0,9,12,5 2 3,1,10 7,2,5,0 11,1]","[5,3,1,0,10 7,12,3,4 0,0 11,2,5 2 3,9,0,0,1,4 8,4]"
 23, 6, 6,  5, 11,  0,     pso, 17,0.27,   1.542,"[0,3,4 8,3,0,4 0,4,0,9,12,5 2 3,1,10 7,2,5,0 11,1]","[5,3,1,0,10 7,12,3,4 0,0 11,2,5 2 3,9,0,0,1,4 8,4]"
 23, 6, 6,  5, 11,  0, psoPure, 17,0.27,   1.514,"[0,3,4 8,3,0,4 0,4,0,9,12,5 2 3,1,10 7,2,5,0 11,1]","[5,3,1,0,10 7,12,3,4 0,0 11,2,5 2 3,9,0,0,1,4 8,4]"
 23, 6, 6,  5, 11,   ,     FPT, 16,0.32,   2.238,,
 23, 6, 2,  5, 13,   , combine, 18,0.23,   0.000,"[3 2,6,1 1,0 3,8,2 2,1,6,7,5,2 6,1,5,3,3,3,1,0]","[1 1,6,2 6,3,5,1,2 2,3,3 2,7,0,8,6,3,5,1,0 3,1]"
 23, 6, 2,  5, 13,   ,combineS, 18,0.23,   0.000,"[3 2,6,1 1,0 3,8,2 2,1,6,7,5,2 6,1,5,3,3,3,1,0]","[1 1,6,2 6,3,5,1,2 2,3,3 2,7,0,8,6,3,5,1,0 3,1]"
 23, 6, 2,  5, 13,   ,  greedy, 17,0.27,   0.001,"[3 2,6,1,1 0 3,8,2 2,1 6,7,5,2 6,1,5,3,3,3,1,0]","[1,1 6,2 6,3,5,1,2 2,3,3 2,7,0,8,6,3,5,1 0 3,1]"
 23, 6, 2,  5, 13,  0,     pso, 17,0.27,   1.721,"[3 2,6,1,1 0 3,8,2 2,1 6,7,5,2 6,1,5,3,3,3,1,0]","[1,1 6,2 6,3,5,1,2 2,3,3 2,7,0,8,6,3,5,1 0 3,1]"
 23, 6, 2,  5, 13,  0, psoPure, 17,0.27,   1.759,"[3 2,6,1,1 0 3,8,2 2,1 6,7,5,2 6,1,5,3,3,3,1,0]","[1,1 6,2 6,3,5,1,2 2,3,3 2,7,0,8,6,3,5,1 0 3,1]"
 23, 6, 2,  5, 13,   ,     FPT, 17,0.27,  24.002,,
 23, 4,11,  4,  7,   , combine, 20,0.14,   0.000,"[2 1,10,12,5,6 2,13,0,9,1,8 7,3,0,2,11,15,14,0,2,1,3]","[11,2,9,12,1,10,0,3,13,15,2 1,3,2,14,6 2,0,1,5,0,8 7]"
 23, 4,11,  4,  7,   ,combineS, 18,0.23,   0.000,"[2,1 10,12,5,6 2,13,0,9,1,8 7,3,0,2,11,15,14,0,2 1 3]","[11,2,9,12,1 10,0,3,13,15,2 1 3,2,14,6 2,0,1,5,0,8 7]"
 23, 4,11,  4,  7,   ,  greedy, 18,0.23,   0.001,"[2,1 10,12,5,6 2,13,0,9,1,8 7,3,0,2,11,15,14,0,2 1 3]","[11,2,9,12,1 10,0,3,13,15,2 1 3,2,14,6 2,0,1,5,0,8 7]"
 23, 4,11,  4,  7,  0,     pso, 18,0.23,   0.752,"[2,1 10,12,5,6 2,13,0,9,1,8 7,3,0,2,11,15,14,0,2 1 3]","[11,2,9,12,1 10,0,3,13,15,2 1 3,2,14,6 2,0,1,5,0,8 7]"
 23, 4,11,  4,  7,  0, psoPure, 18,0.23,   0.736,"[2,1 10,12,5,6 2,13,0,9,1,8 7,3,0,2,11,15,14,0,2 1 3]","[11,2,9,12,1 10,0,3,13,15,2 1 3,2,14,6 2,0,1,5,0,8 7]"
 23, 4,11,  4,  7,   ,     FPT, 18,0.23,   0.264,,
 23, 5, 6,  7, 10,   , combine, 19,0.18,   0.000,"[8,0,10,11,1,0,5,2,4,1 5,2,5 5,5,6,1,7 1,4,9,5 5]","[10,1 5,0,6,5,4,5 5,8,2,1,5,11,2,0,9,1,5 5,4,7 1]"
 23, 5, 6,  7, 10,   ,combineS, 19,0.18,   0.000,"[8,0,10,11,1,0,5,2,4,1 5,2,5 5,5,6,1,7 1,4,9,5 5]","[10,1 5,0,6,5,4,5 5,8,2,1,5,11,2,0,9,1,5 5,4,7 1]"
 23, 5, 6,  7, 10,   ,  greedy, 19,0.18,   0.001,"[8,0,10,11,1,0,5,2,4,1 5,2,5 5,5,6,1,7 1,4,9,5 5]","[10,1 5,0,6,5,4,5 5,8,2,1,5,11,2,0,9,1,5 5,4,7 1]"
 23, 5, 6,  7, 10,  0,     pso, 19,0.18,   1.034,"[8,0,10,11,1,0,5,2,4,1 5,2,5 5,5,6,1,7 1,4,9,5 5]","[10,1 5,0,6,5,4,5 5,8,2,1,5,11,2,0,9,1,5 5,4,7 1]"
 23, 5, 6,  7, 10,  0, psoPure, 19,0.18,   1.056,"[8,0,10,11,1,0,5,2,4,1 5,2,5,5 5,6,1,7 1,4,9,5 5]","[10,1,5,0,6,5,4,5 5,8,2,1 5,11,2,0,9,1,5 5,4,7 1]"
 23, 5, 6,  7, 10,   ,     FPT, 18,0.23,   9.731,,
 24, 4, 7,  6, 13,   , combine, 18,0.26,   0.000,"[10,11,2,12,1 5,9,5,1,5,1,5,0 2,1,0,8,7 1 6,2 2,2 2]","[11,1,2,8,1 5,7 1 6,10,1,2 2,5,5,5,12,2 2,0 2,0,1,9]"
 24, 4, 7,  6, 13,   ,combineS, 18,0.26,   0.000,"[10,11,2,12,1 5,9,5,1,5,1,5,0 2,1,0,8,7 1 6,2 2,2 2]","[11,1,2,8,1 5,7 1 6,10,1,2 2,5,5,5,12,2 2,0 2,0,1,9]"
 24, 4, 7,  6, 13,   ,  greedy, 18,0.26,   0.001,"[10,11,2,12,1 5,9,5,1,5,1,5,0 2,1,0,8,7 1 6,2 2,2 2]","[11,1,2,8,1 5,7 1 6,10,1,2 2,5,5,5,12,2 2,0 2,0,1,9]"
 24, 4, 7,  6, 13,  0,     pso, 18,0.26,   1.432,"[10,11,2,12,1 5,9,5,1,5,1,5,0 2,1,0,8,7 1 6,2 2,2 2]","[11,1,2,8,1 5,7 1 6,10,1,2 2,5,5,5,12,2 2,0 2,0,1,9]"
 24, 4, 7,  6, 13,  0, psoPure, 18,0.26,   1.435,"[10,11,2,12,1,5,9,5,1 5,1,5,0 2,1,0,8,7 1 6,2 2,2 2]","[11,1,2,8,1 5,7 1 6,10,1,2 2,5,5,5,12,2 2,0 2,0,1,9]"
 24, 4, 7,  6, 13,   ,     FPT, 18,0.26,  16.875,,
 24, 7, 2,  5, 11,   , combine, 18,0.26,   0.000,"[5,7 2,2,5,7,6,8 8,7,4,10,6 2 4,7 7,4,5,8,11,1 1,5]","[7,1 1,6 2 4,4,7 7,5,5,6,5,5,8 8,4,11,7,7 2,8,2,10]"
 24, 7, 2,  5, 11,   ,combineS, 18,0.26,   0.000,"[5,7 2,2,5,7,6,8 8,7,4,10,6 2 4,7 7,4,5,8,11,1 1,5]","[7,1 1,6 2 4,4,7 7,5,5,6,5,5,8 8,4,11,7,7 2,8,2,10]"
 24, 7, 2,  5, 11,   ,  greedy, 18,0.26,   0.001,"[5,7 2,2,5,7,6,8,8,7,4,10,6 2 4,7 7,4,5 8,11,1 1,5]","[7,1 1,6 2 4,4,7 7,5,5,6,5,5 8,8,4,11,7,7 2,8,2,10]"
 24, 7, 2,  5, 11,  0,     pso, 18,0.26,   1.295,"[5,7 2,2,5,7,6,8 8,7,4,10,6 2 4,7 7,4,5,8,11,1 1,5]","[7,1 1,6 2 4,4,7 7,5,5,6,5,5,8 8,4,11,7,7 2,8,2,10]"
 24, 7, 2,  5, 11,  0, psoPure, 18,0.26,   1.286,"[5,7 2,2,5,7,6,8 8,7,4,10,6 2,4 7 7,4,5,8,11,1 1,5]","[7,1 1,6 2,4,4 7 7,5,5,6,5,5,8 8,4,11,7,7 2,8,2,10]"
 24, 7, 2,  5, 11,   ,     FPT, 18,0.26,   3.376,,
 24, 8, 2,  4,  9,   , combine, 20,0.17,   0.000,"[5,2,1,0,7,2,7,2,5 3,4 6,3 0 5,0,9,3,10,1,5,3,4,6]","[2,4,2,0,3 0 5,5,1,9,6,5 3,10,7,7,5,4 6,1,3,0,3,2]"
 24, 8, 2,  4,  9,   ,combineS, 20,0.17,   0.000,"[5,2,1,0,7,2,7,2,5,3,4 6,3 0 5,0,9,3 10,1,5,3,4,6]","[2,4,2,0,3 0 5,5,1,9,6,5,3 10,7,7,5,4 6,1,3,0,3,2]"
 24, 8, 2,  4,  9,   ,  greedy, 20,0.17,   0.001,"[5,2,1,0,7,2,7,2,5,3,4,6,3 0 5,0,9,3,10,1,5 3,4 6]","[2,4,2,0,3 0 5,5,1,9,6,5 3,10,7,7,5,4 6,1,3,0,3,2]"
 24, 8, 2,  4,  9,  0,     pso, 20,0.17,   0.935,"[5,2,1,0,7,2,7,2,5 3,4 6,3 0 5,0,9,3,10,1,5,3,4,6]","[2,4,2,0,3 0 5,5,1,9,6,5 3,10,7,7,5,4 6,1,3,0,3,2]"
 24, 8, 2,  4,  9,  0, psoPure, 20,0.17,   0.965,"[5,2,1,0,7,2,7,2,5,3,4,6,3 0 5,0,9,3,10,1,5 3,4 6]","[2,4,2,0,3 0 5,5,1,9,6,5 3,10,7,7,5,4 6,1,3,0,3,2]"
 24, 8, 2,  4,  9,   ,     FPT, 20,0.17,   3.793,,
 25, 7, 4,  5,  7,   , combine, 21,0.17,   0.000,"[5 6,5,9,3,1,1,0,5,4 0,6 4,4,4,0,10,3 6,2,8,4,6,11,2]","[3,3 6,4 0,2,0,5 6,9,0,8,6,1,2,4,5,5,1,6 4,10,4,11,4]"
 25, 7, 4,  5,  7,   ,combineS, 21,0.17,   0.000,"[5 6,5,9,3,1,1,0,5,4 0,6 4,4,4,0,10,3 6,2,8,4,6,11,2]","[3,3 6,4 0,2,0,5 6,9,0,8,6,1,2,4,5,5,1,6 4,10,4,11,4]"
 25, 7, 4,  5,  7,   ,  greedy, 23,0.08,   0.002,"[5 6,5,9,3,1,1,0,5,4,0,6 4,4,4,0,10,3,6,2,8,4,6,11,2]","[3,3,6 4,0,2,0,5 6,9,0,8,6,1,2,4,5,5,1,6,4,10,4,11,4]"
 25, 7, 4,  5,  7,  0,     pso, 21,0.17,   0.819,"[5 6,5,9,3,1,1,0,5,4 0,6 4,4,4,0,10,3 6,2,8,4,6,11,2]","[3,3 6,4 0,2,0,5 6,9,0,8,6,1,2,4,5,5,1,6 4,10,4,11,4]"
 25, 7, 4,  5,  7,  0, psoPure, 21,0.17,   0.854,"[5,6,5,9,3,1,1,0 5,4,0,6 4,4,4 0,10,3 6,2,8,4,6,11,2]","[3,3 6,4 0,2,0 5,6,9,0,8,6,1,2,4,5,5,1,6 4,10,4,11,4]"
 25, 7, 4,  5,  7,   ,     FPT, 20,0.21,   3.130,,
 25, 5, 6,  6, 12,   , combine, 19,0.25,   0.000,"[9 2,3 3,7,0,5,8,5,5,3,4 4,0,4,6,3,2,2 10,11 5,3,2 3]","[3 3,6,2 3,11 5,2,3,5,9 2,2 10,4,0,0,3,8,3,5,4 4,5,7]"
 25, 5, 6,  6, 12,   ,combineS, 19,0.25,   0.000,"[9 2,3 3,7,0,5,8,5,5,3,4 4,0,4,6,3,2,2 10,11 5,3,2 3]","[3 3,6,2 3,11 5,2,3,5,9 2,2 10,4,0,0,3,8,3,5,4 4,5,7]"
 25, 5, 6,  6, 12,   ,  greedy, 19,0.25,   0.001,"[9,2,3 3,7,0,5,8,5,5,3,4 4,0,4,6,3,2 2 10,11 5,3,2 3]","[3 3,6,2,3,11 5,2 3,5,9,2 2 10,4,0,0,3,8,3,5,4 4,5,7]"
 25, 5, 6,  6, 12,  0,     pso, 19,0.25,   1.453,"[9,2 3,3,7,0,5,8,5,5,3,4 4,0,4,6,3,2 2 10,11 5,3,2 3]","[3,3,6,2 3,11 5,2 3,5,9,2 2 10,4,0,0,3,8,3,5,4 4,5,7]"
 25, 5, 6,  6, 12,  0, psoPure, 19,0.25,   1.447,"[9,2 3,3,7,0,5,8,5,5,3,4,4 0,4,6,3,2 2 10,11 5,3,2 3]","[3,3,6,2 3,11 5,2 3,5,9,2 2 10,4 0,0,3,8,3,5,4,4,5,7]"
 25, 5, 6,  6, 12,   ,     FPT, 19,0.25,  69.677,,
 26, 5, 9,  5, 11,   , combine, 18,0.32,   0.000,"[2,1,7,12,4 3,11,7 2,4 16 4,2,9,4,10 3,8 7,1,3 13,14,3 3,15]","[7 2,3 3,4 3,12,9,1,4,4 16 4,11,14,3 13,15,10 3,2,2,8 7,7,1]"
 26, 5, 9,  5, 11,   ,combineS, 18,0.32,   0.000,"[2,1,7,12,4 3,11,7 2,4 16 4,2,9,4,10 3,8 7,1,3 13,14,3 3,15]","[7 2,3 3,4 3,12,9,1,4,4 16 4,11,14,3 13,15,10 3,2,2,8 7,7,1]"
 26, 5, 9,  5, 11,   ,  greedy, 18,0.32,   0.001,"[2,1,7,12,4 3,11,7 2,4 16 4,2,9,4,10 3,8 7,1,3 13,14,3 3,15]","[7 2,3 3,4 3,12,9,1,4,4 16 4,11,14,3 13,15,10 3,2,2,8 7,7,1]"
 26, 5, 9,  5, 11,  0,     pso, 18,0.32,   1.627,"[2,1,7,12,4 3,11,7 2,4 16 4,2,9,4,10 3,8 7,1,3 13,14,3 3,15]","[7 2,3 3,4 3,12,9,1,4,4 16 4,11,14,3 13,15,10 3,2,2,8 7,7,1]"
 26, 5, 9,  5, 11,  0, psoPure, 18,0.32,   1.626,"[2,1,7,12,4 3,11,7 2,4 16 4,2,9,4,10 3,8 7,1,3 13,14,3 3,15]","[7 2,3 3,4 3,12,9,1,4,4 16 4,11,14,3 13,15,10 3,2,2,8 7,7,1]"
 26, 5, 9,  5, 11,   ,     FPT, 18,0.32,   0.105,,
 26, 4,11,  5, 11,   , combine, 21,0.20,   0.000,"[6,7,1 1,3,3,2,14 10,2,9,0,1,2 0,0,13 0,5,15,3 1,11,8,1,12]","[3,1 1,13 0,0,0,6,11,2,2 0,7,2,8,5,12,15,9,3 1,14 10,1,1,3]"
 26, 4,11,  5, 11,   ,combineS, 21,0.20,   0.000,"[6,7,1 1,3,3,2,14 10,2,9,0,1,2 0,0,13 0,5,15,3 1,11,8,1,12]","[3,1 1,13 0,0,0,6,11,2,2 0,7,2,8,5,12,15,9,3 1,14 10,1,1,3]"
 26, 4,11,  5, 11,   ,  greedy, 20,0.24,   0.001,"[6,7,1 1 3,3,2,14 10,2,9,0,1,2 0,0,13 0,5,15,3 1,11,8,1,12]","[3 1,1,13 0,0,0,6,11,2,2 0,7,2,8,5,12,15,9,3,1,14 10,1 1 3]"
 26, 4,11,  5, 11,  0,     pso, 20,0.24,   1.309,"[6,7,1 1 3,3,2,14 10,2,9,0,1,2 0,0,13 0,5,15,3 1,11,8,1,12]","[3 1,1,13 0,0,0,6,11,2,2 0,7,2,8,5,12,15,9,3,1,14 10,1 1 3]"
 26, 4,11,  5, 11,  0, psoPure, 20,0.24,   1.372,"[6,7,1 1 3,3,2,14 10,2,9,0,1,2 0,0,13 0,5,15,3 1,11,8,1,12]","[3 1,1,13 0,0,0,6,11,2,2 0,7,2,8,5,12,15,9,3,1,14 10,1 1 3]"
 26, 4,11,  5, 11,   ,     FPT, 19,0.28,   1.075,,
 26, 7, 5,  5,  7,   , combine, 22,0.16,   0.000,"[0,5,3,13,1,4,0,1,3 5 1,9,6,0 6,10,5,7,4,11,7,4,12,0,1 1]","[0 6,3,4,9,1 1,0,4,5,11,0,10,13,3 5 1,7,12,1,1,7,5,0,6,4]"
 26, 7, 5,  5,  7,   ,combineS, 22,0.16,   0.000,"[0,5,3,13,1,4,0,1,3 5 1,9,6,0 6,10,5,7,4,11,7,4,12,0,1 1]","[0 6,3,4,9,1 1,0,4,5,11,0,10,13,3 5 1,7,12,1,1,7,5,0,6,4]"
 26, 7, 5,  5,  7,   ,  greedy, 22,0.16,   0.002,"[0,5,3,13,1,4,0,1,3 5 1,9,6,0 6,10,5,7,4,11,7,4,12,0,1 1]","[0,6,3,4,9,1,1,0,4,5,11,0,10,13,3 5 1,7,12,1 1,7,5,0 6,4]"
 26, 7, 5,  5,  7,  0,     pso, 22,0.16,   0.649,"[0,5,3,13,1,4,0,1,3 5 1,9,6,0 6,10,5,7,4,11,7,4,12,0,1 1]","[0 6,3,4,9,1 1,0,4,5,11,0,10,13,3 5 1,7,12,1,1,7,5,0,6,4]"
 26, 7, 5,  5,  7,  0, psoPure, 22,0.16,   0.644,"[0,5,3,13,1,4,0,1,3 5 1,9,6,0 6,10,5,7,4,11,7,4,12,0,1 1]","[0,6,3,4,9,1 1,0,4,5,11,0,10,13,3 5 1,7,12,1,1,7,5,0 6,4]"
 26, 7, 5,  5,  7,   ,     FPT, 21,0.20,   6.311,,
 26, 5,14,  4,  1,   , combine, 25,0.04,   0.000,"[11,18,5,8,0,9,14,7,2 0,17,2,19,5,2,16,3,12,6,10,2,15,4,3,4,13]","[3,19,16,10,4,5,15,8,2,2 0,12,7,11,4,9,3,5,13,17,18,2,14,0,6,2]"
 26, 5,14,  4,  1,   ,combineS, 25,0.04,   0.000,"[11,18,5,8,0,9,14,7,2 0,17,2,19,5,2,16,3,12,6,10,2,15,4,3,4,13]","[3,19,16,10,4,5,15,8,2,2 0,12,7,11,4,9,3,5,13,17,18,2,14,0,6,2]"
 26, 5,14,  4,  1,   ,  greedy, 25,0.04,   0.002,"[11,18,5,8,0,9,14,7,2 0,17,2,19,5,2,16,3,12,6,10,2,15,4,3,4,13]","[3,19,16,10,4,5,15,8,2,2 0,12,7,11,4,9,3,5,13,17,18,2,14,0,6,2]"
 26, 5,14,  4,  1,  0,     pso, 25,0.04,   0.053,"[11,18,5,8,0,9,14,7,2 0,17,2,19,5,2,16,3,12,6,10,2,15,4,3,4,13]","[3,19,16,10,4,5,15,8,2,2 0,12,7,11,4,9,3,5,13,17,18,2,14,0,6,2]"
 26, 5,14,  4,  1,  0, psoPure, 25,0.04,   0.054,"[11,18,5,8,0,9,14,7,2 0,17,2,19,5,2,16,3,12,6,10,2,15,4,3,4,13]","[3,19,16,10,4,5,15,8,2,2 0,12,7,11,4,9,3,5,13,17,18,2,14,0,6,2]"
 26, 5,14,  4,  1,   ,     FPT, 25,0.04,   0.023,,
 27, 5,13,  5,  9,   , combine, 22,0.19,   0.000,"[7,1,15,2 5,5,8 2,4,14,17,3,9,16 13,18,3,11,12,10,2 4,1,2,2 5,6]","[5,9,3,15,18,2 5,3,10,1,1,7,12,6,14,2 4,8 2,2,11,16 13,2 5,17,4]"
 27, 5,13,  5,  9,   ,combineS, 22,0.19,   0.000,"[7,1,15,2 5,5,8 2,4,14,17,3,9,16 13,18,3,11,12,10,2 4,1,2,2 5,6]","[5,9,3,15,18,2 5,3,10,1,1,7,12,6,14,2 4,8 2,2,11,16 13,2 5,17,4]"
 27, 5,13,  5,  9,   ,  greedy, 22,0.19,   0.002,"[7,1,15,2 5,5,8 2,4,14,17,3,9,16 13,18,3,11,12,10,2 4,1,2,2 5,6]","[5,9,3,15,18,2 5,3,10,1,1,7,12,6,14,2 4,8 2,2,11,16 13,2 5,17,4]"
 27, 5,13,  5,  9,  0,     pso, 22,0.19,   1.115,"[7,1,15,2 5,5,8 2,4,14,17,3,9,16 13,18,3,11,12,10,2 4,1,2,2 5,6]","[5,9,3,15,18,2 5,3,10,1,1,7,12,6,14,2 4,8 2,2,11,16 13,2 5,17,4]"
 27, 5,13,  5,  9,  0, psoPure, 22,0.19,   1.112,"[7,1,15,2 5,5,8 2,4,14,17,3,9,16 13,18,3,11,12,10,2 4,1,2,2 5,6]","[5,9,3,15,18,2 5,3,10,1,1,7,12,6,14,2 4,8 2,2,11,16 13,2 5,17,4]"
 27, 5,13,  5,  9,   ,     FPT, 22,0.19,   0.023,,
 27, 8, 3,  6,  9,   , combine, 23,0.15,   0.000,"[7,3,5,4,9,2,1,0 4,7,4,2,7 6,1,0,8,7,10,0 7,0,7,5,6,3 6]","[5,3 6,7,0 4,2,4,7,0,6,4,1,9,3,8,2,0,5,0 7,7,1,7 6,10,7]"
 27, 8, 3,  6,  9,   ,combineS, 23,0.15,   0.000,"[7,3,5,4,9,2,1,0 4,7,4,2,7 6,1,0,8,7,10,0 7,0,7,5,6,3 6]","[5,3 6,7,0 4,2,4,7,0,6,4,1,9,3,8,2,0,5,0 7,7,1,7 6,10,7]"
 27, 8, 3,  6,  9,   ,  greedy, 22,0.19,   0.001,"[7,3,5,4,9,2,1,0,4 7,4 2,7 6,1,0,8,7,10,0,7 0,7,5,6,3 6]","[5,3 6,7 0,4 2,4 7,0,6,4,1,9,3,8,2,0,5,0,7,7,1,7 6,10,7]"
 27, 8, 3,  6,  9,  0,     pso, 22,0.19,   1.091,"[7,3,5,4,9,2,1,0,4 7,4 2,7 6,1,0,8,7,10,0,7 0,7,5,6,3 6]","[5,3 6,7 0,4 2,4 7,0,6,4,1,9,3,8,2,0,5,0,7,7,1,7 6,10,7]"
 27, 8, 3,  6,  9,  0, psoPure, 22,0.19,   1.071,"[7,3,5,4,9,2,1,0,4 7,4 2,7 6,1,0,8,7,10,0,7 0,7,5,6,3 6]","[5,3 6,7 0,4 2,4 7,0,6,4,1,9,3,8,2,0,5,0,7,7,1,7 6,10,7]"
 27, 8, 3,  6,  9,   ,     FPT, 21,0.23,  24.012,,
 27, 8, 2,  4, 11,   , combine, 20,0.27,   0.000,"[5,0,5 2,4 1,1,1 7,7,6,3 4,9,4,8,0,5 6,2,2,3 0,1,7 5,2]","[9,3 4,2,0,0,1,6,1 7,4,2,5,7,4 1,5 2,2,5 6,7 5,3 0,8,1]"
 27, 8, 2,  4, 11,   ,combineS, 20,0.27,   0.000,"[5,0,5 2,4 1,1,1 7,7,6,3 4,9,4,8,0,5 6,2,2,3 0,1,7 5,2]","[9,3 4,2,0,0,1,6,1 7,4,2,5,7,4 1,5 2,2,5 6,7 5,3 0,8,1]"
 27, 8, 2,  4, 11,   ,  greedy, 20,0.27,   0.001,"[5,0,5,2,4 1,1,1 7,7,6,3 4,9,4,8,0,5 6,2 2,3 0,1,7 5,2]","[9,3 4,2,0,0,1,6,1 7,4,2,5,7,4 1,5,2 2,5 6,7 5,3 0,8,1]"
 27, 8, 2,  4, 11,  0,     pso, 20,0.27,   1.683,"[5,0,5 2,4 1,1,1 7,7,6,3 4,9,4,8,0,5 6,2,2,3 0,1,7 5,2]","[9,3 4,2,0,0,1,6,1 7,4,2,5,7,4 1,5 2,2,5 6,7 5,3 0,8,1]"
 27, 8, 2,  4, 11,  0, psoPure, 20,0.27,   1.630,"[5,0,5,2,4 1,1,1 7,7,6,3 4,9,4,8,0,5 6,2 2,3,0 1,7 5,2]","[9,3 4,2,0,0 1,6,1 7,4,2,5,7,4 1,5,2 2,5 6,7 5,3,0,8,1]"
 27, 8, 2,  4, 11,   ,     FPT, 20,0.27,  41.080,,
 27, 6, 7,  6,  5,   , combine, 23,0.15,   0.000,"[10,5,4,2,2,5 0,2,3,12,4,4,2 0,7,1,0 8,0,11,0 0,3,9,1,2,6]","[9,3,2,12,2,7,5 0,4,0 0,0 8,3,11,2,4,0,1,5,10,2 0,4,6,2,1]"
 27, 6, 7,  6,  5,   ,combineS, 23,0.15,   0.000,"[10,5,4,2,2,5 0,2,3,12,4,4,2 0,7,1,0 8,0,11,0 0,3,9,1,2,6]","[9,3,2,12,2,7,5 0,4,0 0,0 8,3,11,2,4,0,1,5,10,2 0,4,6,2,1]"
 27, 6, 7,  6,  5,   ,  greedy, 23,0.15,   0.002,"[10,5,4,2,2,5 0,2,3,12,4,4,2 0,7,1,0 8,0,11,0 0,3,9,1,2,6]","[9,3,2,12,2,7,5 0,4,0 0,0 8,3,11,2,4,0,1,5,10,2 0,4,6,2,1]"
 27, 6, 7,  6,  5,  0,     pso, 23,0.15,   0.572,"[10,5,4,2,2,5 0,2,3,12,4,4,2 0,7,1,0 8,0,11,0 0,3,9,1,2,6]","[9,3,2,12,2,7,5 0,4,0 0,0 8,3,11,2,4,0,1,5,10,2 0,4,6,2,1]"
 27, 6, 7,  6,  5,  0, psoPure, 23,0.15,   0.558,"[10,5,4,2,2,5 0,2,3,12,4,4,2 0,7,1,0 8,0,11,0 0,3,9,1,2,6]","[9,3,2,12,2,7,5 0,4,0 0,0 8,3,11,2,4,0,1,5,10,2 0,4,6,2,1]"
 27, 6, 7,  6,  5,   ,     FPT, 23,0.15,  15.717,,
 27, 6, 7,  5,  6,   , combine, 24,0.12,   0.000,"[0,5,1,9,7,8,0,4,2,5,13 3,5,3,0,5 0,2,1,1,10,1 5,4,0,11,12]","[11,5 0,0,7,4,1 5,5,8,3,1,5,9,12,1,5,0,13 3,2,0,10,0,1,2,4]"
 27, 6, 7,  5,  6,   ,combineS, 24,0.12,   0.000,"[0,5,1,9,7,8,0,4,2,5,13 3,5,3,0,5 0,2,1,1,10,1 5,4,0,11,12]","[11,5 0,0,7,4,1 5,5,8,3,1,5,9,12,1,5,0,13 3,2,0,10,0,1,2,4]"
 27, 6, 7,  5,  6,   ,  greedy, 24,0.12,   0.002,"[0,5,1,9,7,8,0,4,2,5,13 3,5,3,0,5 0,2,1,1,10,1 5,4,0,11,12]","[11,5 0,0,7,4,1 5,5,8,3,1,5,9,12,1,5,0,13 3,2,0,10,0,1,2,4]"
 27, 6, 7,  5,  6,  0,     pso, 24,0.12,   0.547,"[0,5,1,9,7,8,0,4,2,5,13 3,5,3,0,5 0,2,1,1,10,1 5,4,0,11,12]","[11,5 0,0,7,4,1 5,5,8,3,1,5,9,12,1,5,0,13 3,2,0,10,0,1,2,4]"
 27, 6, 7,  5,  6,  0, psoPure, 24,0.12,   0.527,"[0,5,1,9,7,8,0,4,2,5,13 3,5,3,0,5 0,2,1,1,10,1 5,4,0,11,12]","[11,5 0,0,7,4,1,5,5,8,3,1,5,9,12,1 5,0,13 3,2,0,10,0,1,2,4]"
 27, 6, 7,  5,  6,   ,     FPT, 22,0.19,  35.819,,
 28, 6,13,  4,  0,   , combine, 28,0.00,   0.000,"[15,14,12,17,4,8,1,16,4,5,13,4,0,0,4,5,1,6,0,2,9,7,11,10,3,18,3,2]","[0,1,2,4,16,2,1,9,12,4,3,5,18,11,3,17,0,7,10,0,5,15,13,8,4,4,14,6]"
 28, 6,13,  4,  0,   ,combineS, 28,0.00,   0.000,"[15,14,12,17,4,8,1,16,4,5,13,4,0,0,4,5,1,6,0,2,9,7,11,10,3,18,3,2]","[0,1,2,4,16,2,1,9,12,4,3,5,18,11,3,17,0,7,10,0,5,15,13,8,4,4,14,6]"
 28, 6,13,  4,  0,   ,  greedy, 28,0.00,   0.002,"[15,14,12,17,4,8,1,16,4,5,13,4,0,0,4,5,1,6,0,2,9,7,11,10,3,18,3,2]","[0,1,2,4,16,2,1,9,12,4,3,5,18,11,3,17,0,7,10,0,5,15,13,8,4,4,14,6]"
 28, 6,13,  4,  0,  0,     pso, 28,0.00,   0.018,"[15,14,12,17,4,8,1,16,4,5,13,4,0,0,4,5,1,6,0,2,9,7,11,10,3,18,3,2]","[0,1,2,4,16,2,1,9,12,4,3,5,18,11,3,17,0,7,10,0,5,15,13,8,4,4,14,6]"
 28, 6,13,  4,  0,  0, psoPure, 28,0.00,   0.018,"[15,14,12,17,4,8,1,16,4,5,13,4,0,0,4,5,1,6,0,2,9,7,11,10,3,18,3,2]","[0,1,2,4,16,2,1,9,12,4,3,5,18,11,3,17,0,7,10,0,5,15,13,8,4,4,14,6]"
 28, 6,13,  4,  0,   ,     FPT, 27,0.04,   0.091,,
 28, 7, 8,  5,  3,   , combine, 25,0.11,   0.000,"[7,6,4,1,1,3 9,14,10,6 3,1 15,12,8,11,6,6,8,7,17,8,9,3,13,4,16,6]","[4,6,11,7,3,6,16,1,13,6,7,8,1,14,9,1 15,6 3,8,10,17,6,12,4,3 9,8]"
 28, 7, 8,  5,  3,   ,combineS, 25,0.11,   0.000,"[7,6,4,1,1,3 9,14,10,6 3,1 15,12,8,11,6,6,8,7,17,8,9,3,13,4,16,6]","[4,6,11,7,3,6,16,1,13,6,7,8,1,14,9,1 15,6 3,8,10,17,6,12,4,3 9,8]"
 28, 7, 8,  5,  3,   ,  greedy, 25,0.11,   0.002,"[7,6,4,1,1,3 9,14,10,6 3,1 15,12,8,11,6,6,8,7,17,8,9,3,13,4,16,6]","[4,6,11,7,3,6,16,1,13,6,7,8,1,14,9,1 15,6 3,8,10,17,6,12,4,3 9,8]"
 28, 7, 8,  5,  3,  0,     pso, 25,0.11,   0.284,"[7,6,4,1,1,3 9,14,10,6 3,1 15,12,8,11,6,6,8,7,17,8,9,3,13,4,16,6]","[4,6,11,7,3,6,16,1,13,6,7,8,1,14,9,1 15,6 3,8,10,17,6,12,4,3 9,8]"
 28, 7, 8,  5,  3,  0, psoPure, 25,0.11,   0.281,"[7,6,4,1,1,3 9,14,10,6 3,1 15,12,8,11,6,6,8,7,17,8,9,3,13,4,16,6]","[4,6,11,7,3,6,16,1,13,6,7,8,1,14,9,1 15,6 3,8,10,17,6,12,4,3 9,8]"
 28, 7, 8,  5,  3,   ,     FPT, 25,0.11,   0.472,,
 28, 6, 7,  7, 14,   , combine, 23,0.19,   0.000,"[2,9,4 2,5,6,10,5,3,1 2 4,5 4,2,1,7,12,4,11,3,0,4,4,8,2,4 0]","[9,0,8,1 2 4,4,10,3,2,5 4,4 0,5,5,4,7,6,4 2,1,12,3,2,2,11,4]"
 28, 6, 7,  7, 14,   ,combineS, 23,0.19,   0.000,"[2,9,4 2,5,6,10,5,3,1 2 4,5 4,2,1,7,12,4,11,3,0,4,4,8,2,4 0]","[9,0,8,1 2 4,4,10,3,2,5 4,4 0,5,5,4,7,6,4 2,1,12,3,2,2,11,4]"
 28, 6, 7,  7, 14,   ,  greedy, 22,0.22,   0.002,"[2,9,4,2 5,6,10,5,3,1 2 4,5,4 2 1,7,12,4,11,3,0,4 4,8,2,4,0]","[9,0,8,1 2 4,4,10,3,2 5,4 4,0,5,5,4,7,6,4 2 1,12,3,2,2,11,4]"
 28, 6, 7,  7, 14,  0,     pso, 22,0.22,   1.622,"[2,9,4,2 5,6,10,5,3,1 2 4,5,4 2 1,7,12,4,11,3,0,4 4,8,2,4,0]","[9,0,8,1 2 4,4,10,3,2 5,4 4,0,5,5,4,7,6,4 2 1,12,3,2,2,11,4]"
 28, 6, 7,  7, 14,  0, psoPure, 22,0.22,   1.672,"[2,9,4,2 5,6,10,5,3,1 2,4,5 4,2 1,7,12,4,11,3,0,4 4,8,2,4 0]","[9,0,8,1 2,4 4,10,3,2 5,4,4 0,5,5 4,7,6,4,2 1,12,3,2,2,11,4]"
 28, 6, 7,  7, 14,   ,     FPT, 22,0.22,  41.742,,
 28, 8, 3,  5,  9,   , combine, 22,0.22,   0.000,"[0 5,5,9 6,7,0 6,8,10,3 8 7,2,11,7,12,0,3,6,9,6,2,3 9,9,2,6]","[6,7,11,12,2,2,8,6,3 9,5,2,9 6,0 6,3,0 5,0,9,3 8 7,7,9,10,6]"
 28, 8, 3,  5,  9,   ,combineS, 22,0.22,   0.000,"[0 5,5,9 6,7,0 6,8,10,3 8 7,2,11,7,12,0,3,6,9,6,2,3 9,9,2,6]","[6,7,11,12,2,2,8,6,3 9,5,2,9 6,0 6,3,0 5,0,9,3 8 7,7,9,10,6]"
 28, 8, 3,  5,  9,   ,  greedy, 22,0.22,   0.002,"[0 5,5,9 6,7,0 6,8,10,3 8 7,2,11,7,12,0,3,6,9,6,2,3 9,9,2,6]","[6,7,11,12,2,2,8,6,3 9,5,2,9 6,0 6,3,0 5,0,9,3 8 7,7,9,10,6]"
 28, 8, 3,  5,  9,  0,     pso, 21,0.26,   1.237,"[0 5,5,9,6 7,0 6,8,10,3 8 7,2,11,7,12,0,3,6,9 6,2,3 9,9,2,6]","[6 7,11,12,2,2,8,6,3 9,5,2,9 6,0 6,3,0 5,0,9,3 8 7,7,9,10,6]"
 28, 8, 3,  5,  9,  0, psoPure, 21,0.26,   1.258,"[0 5,5,9,6 7,0 6,8,10,3 8 7,2,11,7,12,0,3,6,9 6,2,3 9,9,2,6]","[6 7,11,12,2,2,8,6,3 9,5,2,9 6,0 6,3,0 5,0,9,3 8 7,7,9,10,6]"
 28, 8, 3,  5,  9,   ,     FPT, 20,0.30,   4.559,,
 29, 6,11,  4,  6,   , combine, 25,0.14,   0.000,"[0,13,12,7,17,6,4 6 0,4,10,7 3,3,3,7,16,9,18,14,15,1,0,11,8,1 6,6,1]","[3,18,16,15,10,8,3,0,7,11,0,6,13,1,1 6,1,17,7,9,7 3,6,14,12,4,4 6 0]"
 29, 6,11,  4,  6,   ,combineS, 25,0.14,   0.000,"[0,13,12,7,17,6,4 6 0,4,10,7 3,3,3,7,16,9,18,14,15,1,0,11,8,1 6,6,1]","[3,18,16,15,10,8,3,0,7,11,0,6,13,1,1 6,1,17,7,9,7 3,6,14,12,4,4 6 0]"
 29, 6,11,  4,  6,   ,  greedy, 25,0.14,   0.002,"[0,13,12,7,17,6,4 6 0,4,10,7 3,3,3,7,16,9,18,14,15,1,0,11,8,1,6,6 1]","[3,18,16,15,10,8,3,0,7,11,0,6,13,1,1,6 1,17,7,9,7 3,6,14,12,4,4 6 0]"
 29, 6,11,  4,  6,  0,     pso, 25,0.14,   0.635,"[0,13,12,7,17,6,4 6 0,4,10,7 3,3,3,7,16,9,18,14,15,1,0,11,8,1 6,6,1]","[3,18,16,15,10,8,3,0,7,11,0,6,13,1,1 6,1,17,7,9,7 3,6,14,12,4,4 6 0]"
 29, 6,11,  4,  6,  0, psoPure, 25,0.14,   0.634,"[0,13,12,7,17,6,4 6 0,4,10,7 3,3,3,7,16,9,18,14,15,1,0,11,8,1,6,6 1]","[3,18,16,15,10,8,3,0,7,11,0,6,13,1,1,6 1,17,7,9,7 3,6,14,12,4,4 6 0]"
 29, 6,11,  4,  6,   ,     FPT, 25,0.14,   0.573,,
 29, 7, 5,  8, 19,   , combine, 23,0.21,   0.000,"[11,0,8 3,6 6,0,4 5,6,9,7,10,4,2,2,1,5,3,5 5,3,0 5,5 5,3,5,1]","[6,4 5,5,7,0,11,10,2,5,2,0 5,8 3,0,5 5,6 6,5 5,4,1,1,9,3,3,3]"
 29, 7, 5,  8, 19,   ,combineS, 23,0.21,   0.000,"[11,0,8 3,6 6,0,4 5,6,9,7,10,4,2,2,1,5,3,5 5,3,0 5,5 5,3,5,1]","[6,4 5,5,7,0,11,10,2,5,2,0 5,8 3,0,5 5,6 6,5 5,4,1,1,9,3,3,3]"
 29, 7, 5,  8, 19,   ,  greedy, 23,0.21,   0.002,"[11,0,8,3,6 6,0,4 5,6,9,7,10,4,2,2,1,5,3,5 5,3 0 5 5,5,3,5,1]","[6,4 5,5,7,0,11,10,2,5,2,0,5,8,3 0 5 5,6 6,5 5,4,1,1,9,3,3,3]"
 29, 7, 5,  8, 19,  0,     pso, 23,0.21,   1.795,"[11,0,8,3,6 6,0,4 5,6,9,7,10,4,2,2,1,5,3,5 5,3 0 5 5,5,3,5,1]","[6,4 5,5,7,0,11,10,2,5,2,0,5,8,3 0 5 5,6 6,5 5,4,1,1,9,3,3,3]"
 29, 7, 5,  8, 19,  0, psoPure, 23,0.21,   1.868,"[11,0,8 3,6 6,0,4 5,6,9,7,10,4,2,2,1,5,3,5 5,3,0 5,5 5,3,5,1]","[6,4 5,5,7,0,11,10,2,5,2,0 5,8 3,0,5 5,6 6,5 5,4,1,1,9,3,3,3]"
 29, 7, 5,  8, 19,   ,     FPT, 22,0.25, 177.687,,
 29, 6, 8,  6, 11,   , combine, 23,0.21,   0.000,"[13 6,2,5,6,4,0 1,12,5 5,2 4,4 5,10,7,4,14,11,4 2,8,2,4,9,0,0,1]","[0,9,4,10,0 1,4,2 4,2,1,12,4 2,6,11,2,0,4,8,14,5 5,13 6,7,5,4 5]"
 29, 6, 8,  6, 11,   ,combineS, 22,0.25,   0.000,"[13 6,2,5,6,4,0,1 12,5 5,2 4,4 5,10,7,4,14,11,4 2,8,2,4,9,0,0 1]","[0,9,4,10,0 1,4,2 4,2,1 12,4 2,6,11,2,0,4,8,14,5 5,13 6,7,5,4 5]"
 29, 6, 8,  6, 11,   ,  greedy, 23,0.21,   0.001,"[13 6,2,5,6,4,0 1,12,5 5,2 4,4 5,10,7,4,14,11,4 2,8,2,4,9,0,0,1]","[0,9,4,10,0 1,4,2 4,2,1,12,4 2,6,11,2,0,4,8,14,5 5,13 6,7,5,4 5]"
 29, 6, 8,  6, 11,  0,     pso, 22,0.25,   1.638,"[13 6,2,5,6,4,0,1 12,5 5,2,4,4 5,10,7,4,14,11,4 2,8,2 4,9,0,0 1]","[0,9,4,10,0 1,4,2 4,2,1 12,4 2,6,11,2,0,4,8,14,5 5,13 6,7,5,4 5]"
 29, 6, 8,  6, 11,  0, psoPure, 22,0.25,   1.655,"[13 6,2,5,6,4,0,1 12,5 5,2 4,4 5,10,7,4,14,11,4 2,8,2,4,9,0,0 1]","[0,9,4,10,0 1,4,2 4,2,1 12,4 2,6,11,2,0,4,8,14,5 5,13 6,7,5,4 5]"
 29, 6, 8,  6, 11,   ,     FPT, 22,0.25,  87.142,,
 29, 6,12,  5,  2,   , combine, 27,0.07,   0.000,"[4,4 3,7,3,2,6,9,14,4,19,10,13,17 15,4,4,6,12,3,5,7,16,11,8,2,5,5,18]","[7,14,10,5,4,16,12,18,9,13,3,6,17 15,5,4,2,4,7,6,8,3,4,2,11,19,5,4 3]"
 29, 6,12,  5,  2,   ,combineS, 27,0.07,   0.000,"[4,4 3,7,3,2,6,9,14,4,19,10,13,17 15,4,4,6,12,3,5,7,16,11,8,2,5,5,18]","[7,14,10,5,4,16,12,18,9,13,3,6,17 15,5,4,2,4,7,6,8,3,4,2,11,19,5,4 3]"
 29, 6,12,  5,  2,   ,  greedy, 27,0.07,   0.002,"[4,4 3,7,3,2,6,9,14,4,19,10,13,17 15,4,4,6,12,3,5,7,16,11,8,2,5,5,18]","[7,14,10,5,4,16,12,18,9,13,3,6,17 15,5,4,2,4,7,6,8,3,4,2,11,19,5,4 3]"
 29, 6,12,  5,  2,  0,     pso, 27,0.07,   0.141,"[4,4 3,7,3,2,6,9,14,4,19,10,13,17 15,4,4,6,12,3,5,7,16,11,8,2,5,5,18]","[7,14,10,5,4,16,12,18,9,13,3,6,17 15,5,4,2,4,7,6,8,3,4,2,11,19,5,4 3]"
 29, 6,12,  5,  2,  0, psoPure, 27,0.07,   0.133,"[4,4 3,7,3,2,6,9,14,4,19,10,13,17 15,4,4,6,12,3,5,7,16,11,8,2,5,5,18]","[7,14,10,5,4,16,12,18,9,13,3,6,17 15,5,4,2,4,7,6,8,3,4,2,11,19,5,4 3]"
 29, 6,12,  5,  2,   ,     FPT, 27,0.07,   0.181,,
 29, 5, 9,  5,  8,   , combine, 25,0.14,   0.000,"[0 2,4,11,8,0,1,2,2 1,7,4,0,1,3 4,12,13,9,2,4,5,10,0 3,3,1,6,1]","[0 2,2 1,0,11,6,8,10,1,0 3,12,4,4,1,13,0,2,7,2,1,5,3 4,1,4,9,3]"
 29, 5, 9,  5,  8,   ,combineS, 25,0.14,   0.000,"[0 2,4,11,8,0,1,2,2 1,7,4,0,1,3 4,12,13,9,2,4,5,10,0 3,3,1,6,1]","[0 2,2 1,0,11,6,8,10,1,0 3,12,4,4,1,13,0,2,7,2,1,5,3 4,1,4,9,3]"
 29, 5, 9,  5,  8,   ,  greedy, 24,0.18,   0.002,"[0 2,4,11,8,0,1,2 2 1,7,4,0,1,3 4,12,13,9,2,4,5,10,0 3,3,1,6,1]","[0,2 2 1,0,11,6,8,10,1,0 3,12,4,4,1,13,0 2,7,2,1,5,3 4,1,4,9,3]"
 29, 5, 9,  5,  8,  0,     pso, 24,0.18,   0.865,"[0 2,4,11,8,0,1,2 2 1,7,4,0,1,3 4,12,13,9,2,4,5,10,0 3,3,1,6,1]","[0,2 2 1,0,11,6,8,10,1,0 3,12,4,4,1,13,0 2,7,2,1,5,3 4,1,4,9,3]"
 29, 5, 9,  5,  8,  0, psoPure, 24,0.18,   0.898,"[0 2,4,11,8,0,1,2 2 1,7,4,0,1,3 4,12,13,9,2,4,5,10,0 3,3,1,6,1]","[0,2 2 1,0,11,6,8,10,1,0 3,12,4,4,1,13,0 2,7,2,1,5,3 4,1,4,9,3]"
 29, 5, 9,  5,  8,   ,     FPT, 24,0.18, 155.258,,
 29, 6, 5,  6, 12,   , combine, 22,0.25,   0.000,"[3,8,2,10 3,0 3,0,1,6,0,3 5,9,0,3 1,5,5 1,5,4,4,7,1 3,4,5 2]","[8,7,5 1,1,9,4,2,3 5,5,3,10 3,4,1 3,3 1,0,0 3,4,6,5 2,0,5,0]"
 29, 6, 5,  6, 12,   ,combineS, 22,0.25,   0.000,"[3,8,2,10 3,0 3,0,1,6,0,3 5,9,0,3 1,5,5 1,5,4,4,7,1 3,4,5 2]","[8,7,5 1,1,9,4,2,3 5,5,3,10 3,4,1 3,3 1,0,0 3,4,6,5 2,0,5,0]"
 29, 6, 5,  6, 12,   ,  greedy, 24,0.18,   0.002,"[3,8,2,10 3,0,3,0,1,6,0,3,5,9,0,3 1,5 5,1,5,4,4,7,1,3 4,5 2]","[8,7,5,1,1,9,4,2,3,5 5,3,10 3,4,1,3,3 1,0,0,3 4,6,5 2,0,5,0]"
 29, 6, 5,  6, 12,  0,     pso, 22,0.25,   1.758,"[3,8,2,10 3,0 3,0,1,6,0,3 5,9,0,3 1,5,5 1,5,4,4,7,1 3,4,5 2]","[8,7,5 1,1,9,4,2,3 5,5,3,10 3,4,1 3,3 1,0,0 3,4,6,5 2,0,5,0]"
 29, 6, 5,  6, 12,  0, psoPure, 22,0.25,   1.701,"[3,8,2,10 3,0 3,0,1,6,0,3 5,9,0,3 1,5,5 1,5,4,4,7,1 3,4,5 2]","[8,7,5 1,1,9,4,2,3 5,5,3,10 3,4,1 3,3 1,0,0 3,4,6,5 2,0,5,0]"
 29, 6, 5,  6, 12,   ,     FPT, 22,0.25, 406.291,,
 30, 8, 3,  5, 13,   , combine, 23,0.24,   0.000,"[5 7,5 6,4,5 2,4,5 3,9,3,4 7,3,6,0 1,5,0 0,1,1,1,10,2,0,0,8,1]","[1,5,4,8,5 3,0,3,5 6,10,4,1,0 1,4 7,0,6,5 7,1,2,0 0,3,1,5 2,9]"
 30, 8, 3,  5, 13,   ,combineS, 23,0.24,   0.000,"[5 7,5 6,4,5 2,4,5 3,9,3,4 7,3,6,0 1,5,0 0,1,1,1,10,2,0,0,8,1]","[1,5,4,8,5 3,0,3,5 6,10,4,1,0 1,4 7,0,6,5 7,1,2,0 0,3,1,5 2,9]"
 30, 8, 3,  5, 13,   ,  greedy, 21,0.31,   0.002,"[5 7,5 6,4,5 2,4,5 3,9,3,4 7,3,6,0,1 5,0,0 1,1,1,10,2 0 0,8,1]","[1 5,4,8,5 3,0,3,5 6,10,4,1,0 1,4 7,0,6,5 7,1,2 0 0,3,1,5 2,9]"
 30, 8, 3,  5, 13,  0,     pso, 21,0.31,   2.153,"[5 7,5 6,4,5 2,4,5 3,9,3,4 7,3,6,0,1 5,0,0 1,1,1,10,2 0 0,8,1]","[1 5,4,8,5 3,0,3,5 6,10,4,1,0 1,4 7,0,6,5 7,1,2 0 0,3,1,5 2,9]"
 30, 8, 3,  5, 13,  0, psoPure, 21,0.31,   2.077,"[5 7,5 6,4,5 2,4,5 3,9,3,4 7,3,6,0,1 5,0,0 1,1,1,10,2 0 0,8,1]","[1 5,4,8,5 3,0,3,5 6,10,4,1,0 1,4 7,0,6,5 7,1,2 0 0,3,1,5 2,9]"
 30, 8, 3,  5, 13,   ,     FPT, 20,0.34,  16.470,,
 30, 6,10,  4, 13,   , combine, 23,0.24,   0.000,"[2 1,13 0,3,5 4,5,4,2 5,2,11,10,16,9,14,12,1 0,5,15 4,8,3,0,3,1,7 3]","[5,2 1,4,12,11,5,2 5,3,16,15 4,9,1 0,5 4,8,13 0,0,1,10,14,7 3,2,3,3]"
 30, 6,10,  4, 13,   ,combineS, 23,0.24,   0.000,"[2 1,13 0,3,5 4,5,4,2 5,2,11,10,16,9,14,12,1 0,5,15 4,8,3,0,3,1,7 3]","[5,2 1,4,12,11,5,2 5,3,16,15 4,9,1 0,5 4,8,13 0,0,1,10,14,7 3,2,3,3]"
 30, 6,10,  4, 13,   ,  greedy, 23,0.24,   0.002,"[2 1,13 0,3,5,4,5,4,2,5 2,11,10,16,9,14,12,1 0 5,15,4 8,3,0,3,1,7 3]","[5,2 1,4,12,11,5 2,5,3,16,15,4,9,1 0 5,4 8,13 0,0,1,10,14,7 3,2,3,3]"
 30, 6,10,  4, 13,  0,     pso, 23,0.24,   1.875,"[2 1,13 0,3,5,4,5,4,2 5,2,11,10,16,9,14,12,1 0 5,15 4,8,3,0,3,1,7 3]","[5,2 1,4,12,11,5,2 5,3,16,15 4,9,1 0 5,4,8,13 0,0,1,10,14,7 3,2,3,3]"
 30, 6,10,  4, 13,  0, psoPure, 23,0.24,   1.915,"[2 1,13 0,3,5 4,5,4,2,5 2,11,10,16,9,14,12,1 0,5,15 4,8,3,0,3,1,7 3]","[5,2 1,4,12,11,5 2,5,3,16,15 4,9,1 0,5 4,8,13 0,0,1,10,14,7 3,2,3,3]"
 30, 6,10,  4, 13,   ,     FPT, 23,0.24,  15.246,,
 30, 6, 4,  7, 24,   , combine, 23,0.24,   0.000,"[1,3,2,9 1,4 1,4,1 8,3,13,4 3,10,8 8,8,2,9 8,1,11,4,1 4,9,1,12,9]","[1,4 1,2,3,9 8,4 3,9,11,8,1 4,3,9,13,1,4,8 8,12,9 1,1,1 8,4,2,10]"
 30, 6, 4,  7, 24,   ,combineS, 22,0.28,   0.000,"[1,3,2,9,1 4 1,4,1 8,3,13,4 3,10,8 8,8,2,9 8,1,11,4,1 4,9,1,12 9]","[1 4 1,2,3,9 8,4 3,9,11,8,1 4,3,9,13,1,4,8 8,12 9,1,1,1 8,4,2,10]"
 30, 6, 4,  7, 24,   ,  greedy, 22,0.28,   0.002,"[1,3,2,9,1 4 1,4,1 8,3,13,4 3,10,8 8,8,2,9 8,1,11,4,1 4,9,1,12 9]","[1 4 1,2,3,9 8,4 3,9,11,8,1 4,3,9,13,1,4,8 8,12 9,1,1,1 8,4,2,10]"
 30, 6, 4,  7, 24,  0,     pso, 22,0.28,   3.545,"[1,3,2,9,1 4 1,4,1 8,3,13,4 3,10,8 8,8,2,9 8,1,11,4,1 4,9 1,12,9]","[1 4 1,2,3,9 8,4 3,9,11,8,1 4,3,9,13,1,4,8 8,12,9 1,1,1 8,4,2,10]"
 30, 6, 4,  7, 24,  0, psoPure, 22,0.28,   3.606,"[1,3,2,9,1 4,1 4,1 8,3,13,4 3,10,8,8 8,2,9 8,1,11,4,1 4,9 1,12,9]","[1 4,1,2,3,9 8,4 3,9,11,8,1 4,3,9,13,1 4,8 8,12,9 1,1,1 8,4,2,10]"
 30, 6, 4,  7, 24,   ,     FPT, 21,0.31, 482.683,,
 30, 5, 7,  7, 15,   , combine, 22,0.28,   0.000,"[11,1 4,8,0 2,3 1,3,9,2 1,2 4 1,6,4,10,4 4,5,4,7,3,2,4,0,1,1 3]","[4,2 4 1,0 2,10,0,4 4,4,1 3,8,3,11,4,3 1,2,7,6,1 4,9,1,5,3,2 1]"
 30, 5, 7,  7, 15,   ,combineS, 22,0.28,   0.000,"[11,1 4,8,0 2,3 1,3,9,2 1,2 4 1,6,4,10,4 4,5,4,7,3,2,4,0,1,1 3]","[4,2 4 1,0 2,10,0,4 4,4,1 3,8,3,11,4,3 1,2,7,6,1 4,9,1,5,3,2 1]"
 30, 5, 7,  7, 15,   ,  greedy, 22,0.28,   0.002,"[11,1 4,8,0 2,3 1,3,9,2 1,2 4 1,6,4,10,4 4,5,4,7,3,2,4,0,1,1 3]","[4,2 4 1,0 2,10,0,4 4,4,1 3,8,3,11,4,3 1,2,7,6,1 4,9,1,5,3,2 1]"
 30, 5, 7,  7, 15,  0,     pso, 22,0.28,   2.277,"[11,1 4,8,0 2,3 1,3,9,2 1,2 4 1,6,4,10,4 4,5,4,7,3,2,4,0,1,1 3]","[4,2 4 1,0 2,10,0,4 4,4,1 3,8,3,11,4,3 1,2,7,6,1 4,9,1,5,3,2 1]"
 30, 5, 7,  7, 15,  0, psoPure, 22,0.28,   2.277,"[11,1 4,8,0 2,3 1,3,9,2,1,2 4 1,6,4,10,4 4,5,4,7,3 2,4,0,1,1 3]","[4,2 4 1,0 2,10,0,4 4,4,1 3,8,3,11,4,3 1,2,7,6,1 4,9,1,5,3 2,1]"
 30, 5, 7,  7, 15,   ,     FPT, 22,0.28,1021.109,,
 30, 7, 9,  4,  4,   , combine, 27,0.10,   0.000,"[1,3,17,6,8 1,1,7,11,6,4,5,3,10,5 15,8,16,14,3 4,7,9,1,12,4,5,6,8,13]","[12,3,6,1,4,8 1,13,8,1,4,3,3 4,16,1,5 15,10,7,6,17,5,11,14,7,6,9,5,8]"
 30, 7, 9,  4,  4,   ,combineS, 27,0.10,   0.000,"[1,3,17,6,8 1,1,7,11,6,4,5,3,10,5 15,8,16,14,3 4,7,9,1,12,4,5,6,8,13]","[12,3,6,1,4,8 1,13,8,1,4,3,3 4,16,1,5 15,10,7,6,17,5,11,14,7,6,9,5,8]"
 30, 7, 9,  4,  4,   ,  greedy, 27,0.10,   0.002,"[1,3,17,6,8 1,1,7,11,6,4,5,3,10,5 15,8,16,14,3 4,7,9,1,12,4,5,6,8,13]","[12,3,6,1,4,8 1,13,8,1,4,3,3 4,16,1,5 15,10,7,6,17,5,11,14,7,6,9,5,8]"
 30, 7, 9,  4,  4,  0,     pso, 27,0.10,   0.385,"[1,3,17,6,8 1,1,7,11,6,4,5,3,10,5 15,8,16,14,3 4,7,9,1,12,4,5,6,8,13]","[12,3,6,1,4,8 1,13,8,1,4,3,3 4,16,1,5 15,10,7,6,17,5,11,14,7,6,9,5,8]"
 30, 7, 9,  4,  4,  0, psoPure, 27,0.10,   0.394,"[1,3,17,6,8 1,1,7,11,6,4,5,3,10,5 15,8,16,14,3 4,7,9,1,12,4,5,6,8,13]","[12,3,6,1,4,8,1,13,8 1,4,3,3 4,16,1,5 15,10,7,6,17,5,11,14,7,6,9,5,8]"
 30, 7, 9,  4,  4,   ,     FPT, 27,0.10,   0.975,,
 30, 5,18,  4,  1,   , combine, 29,0.03,   0.000,"[22,6,11,14,20 1,1,8,9,19,4,23,15,12,4,2,7,1,5,16,0,10,13,18,17,2,5,0,1,21]","[1,18,10,11,0,2,22,14,8,23,1,4,5,6,13,2,12,5,21,19,9,0,20 1,16,4,1,17,7,15]"
 30, 5,18,  4,  1,   ,combineS, 29,0.03,   0.000,"[22,6,11,14,20 1,1,8,9,19,4,23,15,12,4,2,7,1,5,16,0,10,13,18,17,2,5,0,1,21]","[1,18,10,11,0,2,22,14,8,23,1,4,5,6,13,2,12,5,21,19,9,0,20 1,16,4,1,17,7,15]"
 30, 5,18,  4,  1,   ,  greedy, 29,0.03,   0.003,"[22,6,11,14,20 1,1,8,9,19,4,23,15,12,4,2,7,1,5,16,0,10,13,18,17,2,5,0,1,21]","[1,18,10,11,0,2,22,14,8,23,1,4,5,6,13,2,12,5,21,19,9,0,20 1,16,4,1,17,7,15]"
 30, 5,18,  4,  1,  0,     pso, 29,0.03,   0.052,"[22,6,11,14,20 1,1,8,9,19,4,23,15,12,4,2,7,1,5,16,0,10,13,18,17,2,5,0,1,21]","[1,18,10,11,0,2,22,14,8,23,1,4,5,6,13,2,12,5,21,19,9,0,20 1,16,4,1,17,7,15]"
 30, 5,18,  4,  1,  0, psoPure, 29,0.03,   0.052,"[22,6,11,14,20 1,1,8,9,19,4,23,15,12,4,2,7,1,5,16,0,10,13,18,17,2,5,0,1,21]","[1,18,10,11,0,2,22,14,8,23,1,4,5,6,13,2,12,5,21,19,9,0,20 1,16,4,1,17,7,15]"
 30, 5,18,  4,  1,   ,     FPT, 28,0.07,   0.026,,
 31, 7,11,  4,  4,   , combine, 28,0.10,   0.000,"[0 0,13,5,2,8,19 5,5,6,1,6,11,8,0,18,16,20,6,17,1 2,10,7,15,1,8,5,14,7,12]","[20,8,12,7,1 2,5,8,1,0,7,11,10,13,6,19 5,17,18,6,0 0,5,5,16,8,2,6,15,14,1]"
 31, 7,11,  4,  4,   ,combineS, 28,0.10,   0.000,"[0 0,13,5,2,8,19 5,5,6,1,6,11,8,0,18,16,20,6,17,1 2,10,7,15,1,8,5,14,7,12]","[20,8,12,7,1 2,5,8,1,0,7,11,10,13,6,19 5,17,18,6,0 0,5,5,16,8,2,6,15,14,1]"
 31, 7,11,  4,  4,   ,  greedy, 28,0.10,   0.002,"[0 0,13,5,2,8,19 5,5,6,1,6,11,8,0,18,16,20,6,17,1 2,10,7,15,1,8,5,14,7,12]","[20,8,12,7,1 2,5,8,1,0,7,11,10,13,6,19 5,17,18,6,0 0,5,5,16,8,2,6,15,14,1]"
 31, 7,11,  4,  4,  0,     pso, 28,0.10,   0.384,"[0 0,13,5,2,8,19 5,5,6,1,6,11,8,0,18,16,20,6,17,1 2,10,7,15,1,8,5,14,7,12]","[20,8,12,7,1 2,5,8,1,0,7,11,10,13,6,19 5,17,18,6,0 0,5,5,16,8,2,6,15,14,1]"
 31, 7,11,  4,  4,  0, psoPure, 28,0.10,   0.373,"[0 0,13,5,2,8,19 5,5,6,1,6,11,8,0,18,16,20,6,17,1 2,10,7,15,1,8,5,14,7,12]","[20,8,12,7,1 2,5,8,1,0,7,11,10,13,6,19 5,17,18,6,0 0,5,5,16,8,2,6,15,14,1]"
 31, 7,11,  4,  4,   ,     FPT, 28,0.10,   1.648,,
 31, 8, 3,  6, 18,   , combine, 24,0.23,   0.000,"[6 6,0,7,0,0 6,9,2,12,10,5 0,2,1 6 7,1 1,3,1,0,6,6,5,9 3,1,0,7,11]","[0,5,7,6,0,1,9 3,0,6 6,6,3,12,2,9,11,10,0,1 1,2,0 6,5 0,1,1 6 7,7]"
 31, 8, 3,  6, 18,   ,combineS, 24,0.23,   0.000,"[6 6,0,7,0,0 6,9,2,12,10,5 0,2,1 6 7,1 1,3,1,0,6,6,5,9 3,1,0,7,11]","[0,5,7,6,0,1,9 3,0,6 6,6,3,12,2,9,11,10,0,1 1,2,0 6,5 0,1,1 6 7,7]"
 31, 8, 3,  6, 18,   ,  greedy, 22,0.30,   0.002,"[6,6 0,7,0,0 6,9,2,12,10,5 0,2,1 6 7,1 1,3,1,0 6 6,5,9 3,1,0,7,11]","[0,5,7,6 0,1,9 3,0 6 6,6,3,12,2,9,11,10,0,1 1,2,0 6,5 0,1,1 6 7,7]"
 31, 8, 3,  6, 18,  0,     pso, 22,0.30,   2.580,"[6,6 0,7,0,0 6,9,2,12,10,5 0,2,1 6 7,1 1,3,1,0 6 6,5,9 3,1,0,7,11]","[0,5,7,6 0,1,9 3,0 6 6,6,3,12,2,9,11,10,0,1 1,2,0 6,5 0,1,1 6 7,7]"
 31, 8, 3,  6, 18,  0, psoPure, 22,0.30,   2.571,"[6,6 0,7,0,0 6,9,2,12,10,5 0,2,1 6 7,1 1,3,1,0 6 6,5,9 3,1,0,7,11]","[0,5,7,6 0,1,9 3,0 6 6,6,3,12,2,9,11,10,0,1 1,2,0 6,5 0,1,1 6 7,7]"
 31, 8, 3,  6, 18,   ,     FPT, 21,0.33, 226.394,,
 31, 7,11,  5,  6,   , combine, 27,0.13,   0.000,"[3,7,4 5,3,10,5,11,17,0 4,2,12,0,4,2,13,14,4,6,1 15,0,1,2,8,6 4,9,16,1]","[16,11,9,10,3,2,2,6,4 5,6 4,13,1 15,14,0,7,2,0,17,8,5,1,3,4,0 4,12,4,1]"
 31, 7,11,  5,  6,   ,combineS, 27,0.13,   0.000,"[3,7,4 5,3,10,5,11,17,0 4,2,12,0,4,2,13,14,4,6,1 15,0,1,2,8,6 4,9,16,1]","[16,11,9,10,3,2,2,6,4 5,6 4,13,1 15,14,0,7,2,0,17,8,5,1,3,4,0 4,12,4,1]"
 31, 7,11,  5,  6,   ,  greedy, 28,0.10,   0.003,"[3,7,4,5,3,10,5,11,17,0 4,2,12,0,4,2,13,14,4,6,1 15,0,1,2,8,6 4,9,16,1]","[16,11,9,10,3,2,2,6 4,5,6,4,13,1 15,14,0,7,2,0,17,8,5,1,3,4,0 4,12,4,1]"
 31, 7,11,  5,  6,  0,     pso, 27,0.13,   0.741,"[3,7,4 5,3,10,5,11,17,0 4,2,12,0,4,2,13,14,4,6,1 15,0,1,2,8,6 4,9,16,1]","[16,11,9,10,3,2,2,6,4 5,6 4,13,1 15,14,0,7,2,0,17,8,5,1,3,4,0 4,12,4,1]"
 31, 7,11,  5,  6,  0, psoPure, 27,0.13,   0.706,"[3,7,4 5,3,10,5,11,17,0 4,2,12,0,4,2,13,14,4,6,1 15,0,1,2,8,6 4,9,16,1]","[16,11,9,10,3,2,2,6,4 5,6 4,13,1 15,14,0,7,2,0,17,8,5,1,3,4,0 4,12,4,1]"
 31, 7,11,  5,  6,   ,     FPT, 26,0.17,   1.564,,
 31, 7,15,  4,  7,   , combine, 26,0.17,   0.000,"[3,7 4,9,3,1,7,19,5,2,16,21,7,6 1,4,18,8 6,10,20,7,15 2 11,13,22,5,14,17,12]","[7,9,14,13,18,21,15 2 11,20,5,10,17,7,16,1,7 4,8 6,4,3,5,7,12,2,6 1,22,19,3]"
 31, 7,15,  4,  7,   ,combineS, 26,0.17,   0.000,"[3,7 4,9,3,1,7,19,5,2,16,21,7,6 1,4,18,8 6,10,20,7,15 2 11,13,22,5,14,17,12]","[7,9,14,13,18,21,15 2 11,20,5,10,17,7,16,1,7 4,8 6,4,3,5,7,12,2,6 1,22,19,3]"
 31, 7,15,  4,  7,   ,  greedy, 26,0.17,   0.002,"[3,7 4,9,3,1,7,19,5,2,16,21,7,6 1,4,18,8 6,10,20,7,15 2 11,13,22,5,14,17,12]","[7,9,14,13,18,21,15 2 11,20,5,10,17,7,16,1,7 4,8 6,4,3,5,7,12,2,6 1,22,19,3]"
 31, 7,15,  4,  7,  0,     pso, 26,0.17,   0.844,"[3,7 4,9,3,1,7,19,5,2,16,21,7,6 1,4,18,8 6,10,20,7,15 2 11,13,22,5,14,17,12]","[7,9,14,13,18,21,15 2 11,20,5,10,17,7,16,1,7 4,8 6,4,3,5,7,12,2,6 1,22,19,3]"
 31, 7,15,  4,  7,  0, psoPure, 26,0.17,   0.828,"[3,7,4,9,3,1 7,19,5,2,16,21,7,6 1,4,18,8 6,10,20,7,15 2 11,13,22,5,14,17,12]","[7,9,14,13,18,21,15 2 11,20,5,10,17,7,16,1 7,4,8 6,4,3,5,7,12,2,6 1,22,19,3]"
 31, 7,15,  4,  7,   ,     FPT, 26,0.17,   0.006,,
 32, 7, 9, 10, 12,   , combine, 27,0.16,   0.000,"[5 4,4,9,5 5,7,5,12,5 1,6,11,14 15,1,5,3,16,5,4,13,6,8,7,5 5,2,2,3,5,10]","[2,5,6,10,14 15,5 1,16,2,5,5 4,6,13,3,12,4,7,4,5 5,11,5 5,8,5,5,9,1,7,3]"
 32, 7, 9, 10, 12,   ,combineS, 27,0.16,   0.000,"[5 4,4,9,5 5,7,5,12,5 1,6,11,14 15,1,5,3,16,5,4,13,6,8,7,5 5,2,2,3,5,10]","[2,5,6,10,14 15,5 1,16,2,5,5 4,6,13,3,12,4,7,4,5 5,11,5 5,8,5,5,9,1,7,3]"
 32, 7, 9, 10, 12,   ,  greedy, 28,0.13,   0.003,"[5,4,4,9,5 5,7,5,12,5 1,6,11,14 15,1,5,3,16,5,4,13,6,8,7,5 5,2,2,3,5,10]","[2,5,6,10,14 15,5 1,16,2,5 5,4,6,13,3,12,4,7,4,5 5,11,5,5,8,5,5,9,1,7,3]"
 32, 7, 9, 10, 12,  0,     pso, 27,0.16,   1.582,"[5 4,4,9,5 5,7,5,12,5 1,6,11,14 15,1,5,3,16,5,4,13,6,8,7,5 5,2,2,3,5,10]","[2,5,6,10,14 15,5 1,16,2,5,5 4,6,13,3,12,4,7,4,5 5,11,5 5,8,5,5,9,1,7,3]"
 32, 7, 9, 10, 12,  0, psoPure, 27,0.16,   1.478,"[5 4,4,9,5 5,7,5,12,5 1,6,11,14 15,1,5,3,16,5,4,13,6,8,7,5 5,2,2,3,5,10]","[2,5,6,10,14 15,5 1,16,2,5,5 4,6,13,3,12,4,7,4,5 5,11,5,5,8,5 5,9,1,7,3]"
 32, 7, 9, 10, 12,   ,     FPT, 27,0.16, 249.865,,
 32, 7,10,  6, 12,   , combine, 26,0.19,   0.000,"[5,9,16,5,13,8,1,6,3 2,0,15 3,7,14,5 5,5,4,2,2,0 5,12,1,10,11,4,6,3 0 1]","[2,6,5 5,4,4,12,0 5,5,2,3 0 1,15 3,16,1,14,9,11,7,5,10,1,13,6,0,8,3 2,5]"
 32, 7,10,  6, 12,   ,combineS, 26,0.19,   0.000,"[5,9,16,5,13,8,1,6,3 2,0,15 3,7,14,5 5,5,4,2,2,0 5,12,1,10,11,4,6,3 0 1]","[2,6,5 5,4,4,12,0 5,5,2,3 0 1,15 3,16,1,14,9,11,7,5,10,1,13,6,0,8,3 2,5]"
 32, 7,10,  6, 12,   ,  greedy, 25,0.23,   0.002,"[5,9,16,5,13,8,1,6,3 2,0,15 3,7,14,5,5 5 4,2,2,0 5,12,1,10,11,4,6,3 0 1]","[2,6,5 5 4,4,12,0 5,5,2,3 0 1,15 3,16,1,14,9,11,7,5,10,1,13,6,0,8,3 2,5]"
 32, 7,10,  6, 12,  0,     pso, 25,0.23,   1.421,"[5,9,16,5,13,8,1,6,3 2,0,15 3,7,14,5,5 5 4,2,2,0 5,12,1,10,11,4,6,3 0 1]","[2,6,5 5 4,4,12,0 5,5,2,3 0 1,15 3,16,1,14,9,11,7,5,10,1,13,6,0,8,3 2,5]"
 32, 7,10,  6, 12,  0, psoPure, 25,0.23,   1.406,"[5,9,16,5,13,8,1,6,3 2,0,15 3,7,14,5,5 5 4,2,2,0 5,12,1,10,11,4,6,3 0 1]","[2,6,5 5 4,4,12,0 5,5,2,3 0 1,15 3,16,1,14,9,11,7,5,10,1,13,6,0,8,3 2,5]"
 32, 7,10,  6, 12,   ,     FPT, 25,0.23,   2.343,,
 32, 8,11,  4,  8,   , combine, 27,0.16,   0.000,"[11,9,15,17,19,4,7 7,2,2,7,9,10,20,12,14,0,4 18,3,8,7 8,0,13,3,6,4,6 16 8,4]","[6 16 8,20,0,10,7,2,6,7 7,11,4,2,12,0,3,15,14,3,4,19,17,8,9,4 18,9,13,7 8,4]"
 32, 8,11,  4,  8,   ,combineS, 27,0.16,   0.000,"[11,9,15,17,19,4,7 7,2,2,7,9,10,20,12,14,0,4 18,3,8,7 8,0,13,3,6,4,6 16 8,4]","[6 16 8,20,0,10,7,2,6,7 7,11,4,2,12,0,3,15,14,3,4,19,17,8,9,4 18,9,13,7 8,4]"
 32, 8,11,  4,  8,   ,  greedy, 27,0.16,   0.002,"[11,9,15,17,19,4,7 7,2,2,7,9,10,20,12,14,0,4 18,3,8,7 8,0,13,3,6,4,6 16 8,4]","[6 16 8,20,0,10,7,2,6,7 7,11,4,2,12,0,3,15,14,3,4,19,17,8,9,4 18,9,13,7 8,4]"
 32, 8,11,  4,  8,  0,     pso, 27,0.16,   0.871,"[11,9,15,17,19,4,7 7,2,2,7,9,10,20,12,14,0,4 18,3,8,7 8,0,13,3,6,4,6 16 8,4]","[6 16 8,20,0,10,7,2,6,7 7,11,4,2,12,0,3,15,14,3,4,19,17,8,9,4 18,9,13,7 8,4]"
 32, 8,11,  4,  8,  0, psoPure, 27,0.16,   0.848,"[11,9,15,17,19,4,7,7 2,2,7,9,10,20,12,14,0,4 18,3,8,7 8,0,13,3,6,4,6 16 8,4]","[6 16 8,20,0,10,7 2,6,7,7,11,4,2,12,0,3,15,14,3,4,19,17,8,9,4 18,9,13,7 8,4]"
 32, 8,11,  4,  8,   ,     FPT, 26,0.19,   0.453,,
 32, 7, 8,  6,  8,   , combine, 26,0.19,   0.000,"[1,5 2,3,8,2 0,11 2,13,0,5,4,6,3 3,0 2,5,2,6,1,9,14,12,2,4 4,3,10,7,5]","[2 0,4,1,6,5,3,12,13,4 4,7,2,3,1,10,0,3 3,5,5 2,14,0 2,8,5,6,11 2,9,2]"
 32, 7, 8,  6,  8,   ,combineS, 26,0.19,   0.000,"[1,5 2,3,8,2 0,11 2,13,0,5,4,6,3 3,0 2,5,2,6,1,9,14,12,2,4 4,3,10,7,5]","[2 0,4,1,6,5,3,12,13,4 4,7,2,3,1,10,0,3 3,5,5 2,14,0 2,8,5,6,11 2,9,2]"
 32, 7, 8,  6,  8,   ,  greedy, 26,0.19,   0.002,"[1,5 2,3,8,2 0,11 2,13,0,5,4,6,3 3,0 2,5,2,6,1,9,14,12,2,4 4,3,10,7,5]","[2 0,4,1,6,5,3,12,13,4 4,7,2,3,1,10,0,3 3,5,5 2,14,0 2,8,5,6,11 2,9,2]"
 32, 7, 8,  6,  8,  0,     pso, 25,0.23,   1.299,"[1,5,2 3,8,2 0,11 2,13,0,5,4,6,3 3,0 2,5 2,6,1,9,14,12,2,4 4,3,10,7,5]","[2 0,4,1,6,5,3,12,13,4 4,7,2 3,1,10,0,3 3,5,5 2,14,0 2,8,5,6,11 2,9,2]"
 32, 7, 8,  6,  8,  0, psoPure, 25,0.23,   1.285,"[1,5,2 3,8,2 0,11 2,13,0,5,4,6,3 3,0 2,5 2,6,1,9,14,12,2,4 4,3,10,7,5]","[2 0,4,1,6,5,3,12,13,4 4,7,2 3,1,10,0,3 3,5,5 2,14,0 2,8,5,6,11 2,9,2]"
 32, 7, 8,  6,  8,   ,     FPT, 25,0.23,  10.390,,
 32, 9, 8,  4,  2,   , combine, 31,0.03,   0.000,"[16,2,4,5,6,15,4,17 1,0,5,7,0,6,8,14,8,11,8,6,9,12,10,2,9,9,1,6,1,13,4,7]","[11,5,9,6,6,4,1,4,0,9,6,6,2,8,15,0,9,7,14,12,2,7,17 1,13,10,5,16,8,8,4,1]"
 32, 9, 8,  4,  2,   ,combineS, 31,0.03,   0.000,"[16,2,4,5,6,15,4,17 1,0,5,7,0,6,8,14,8,11,8,6,9,12,10,2,9,9,1,6,1,13,4,7]","[11,5,9,6,6,4,1,4,0,9,6,6,2,8,15,0,9,7,14,12,2,7,17 1,13,10,5,16,8,8,4,1]"
 32, 9, 8,  4,  2,   ,  greedy, 31,0.03,   0.003,"[16,2,4,5,6,15,4,17 1,0,5,7,0,6,8,14,8,11,8,6,9,12,10,2,9,9,1,6,1,13,4,7]","[11,5,9,6,6,4,1,4,0,9,6,6,2,8,15,0,9,7,14,12,2,7,17 1,13,10,5,16,8,8,4,1]"
 32, 9, 8,  4,  2,  0,     pso, 31,0.03,   0.147,"[16,2,4,5,6,15,4,17 1,0,5,7,0,6,8,14,8,11,8,6,9,12,10,2,9,9,1,6,1,13,4,7]","[11,5,9,6,6,4,1,4,0,9,6,6,2,8,15,0,9,7,14,12,2,7,17 1,13,10,5,16,8,8,4,1]"
 32, 9, 8,  4,  2,  0, psoPure, 31,0.03,   0.144,"[16,2,4,5,6,15,4,17,1,0,5,7,0,6,8,14,8,11,8,6,9,12,10,2,9,9,1,6,1 13,4,7]","[11,5,9,6,6,4,1,4,0,9,6,6,2,8,15,0,9,7,14,12,2,7,17,1 13,10,5,16,8,8,4,1]"
 32, 9, 8,  4,  2,   ,     FPT, 31,0.03,   3.157,,
 32, 4,18,  6,  4,   , combine, 29,0.10,   0.000,"[7,23,3,24,3,22,8,11,0 0,15,4,14,9,3,5,17,18,5,3 20,19,4,12,21,4,10,16,4 4,4,13]","[10,4,3,14,23,24,22,4,19,18,11,12,4 4,9,15,16,5,0 0,8,5,4,7,13,21,3 20,4,3,17,3]"
 32, 4,18,  6,  4,   ,combineS, 29,0.10,   0.000,"[7,23,3,24,3,22,8,11,0 0,15,4,14,9,3,5,17,18,5,3 20,19,4,12,21,4,10,16,4 4,4,13]","[10,4,3,14,23,24,22,4,19,18,11,12,4 4,9,15,16,5,0 0,8,5,4,7,13,21,3 20,4,3,17,3]"
 32, 4,18,  6,  4,   ,  greedy, 29,0.10,   0.003,"[7,23,3,24,3,22,8,11,0 0,15,4,14,9,3,5,17,18,5,3 20,19,4,12,21,4,10,16,4 4,4,13]","[10,4,3,14,23,24,22,4,19,18,11,12,4 4,9,15,16,5,0 0,8,5,4,7,13,21,3 20,4,3,17,3]"
 32, 4,18,  6,  4,  0,     pso, 29,0.10,   0.387,"[7,23,3,24,3,22,8,11,0 0,15,4,14,9,3,5,17,18,5,3 20,19,4,12,21,4,10,16,4 4,4,13]","[10,4,3,14,23,24,22,4,19,18,11,12,4 4,9,15,16,5,0 0,8,5,4,7,13,21,3 20,4,3,17,3]"
 32, 4,18,  6,  4,  0, psoPure, 29,0.10,   0.383,"[7,23,3,24,3,22,8,11,0 0,15,4,14,9,3,5,17,18,5,3 20,19,4,12,21,4,10,16,4 4,4,13]","[10,4,3,14,23,24,22,4,19,18,11,12,4 4,9,15,16,5,0 0,8,5,4,7,13,21,3 20,4,3,17,3]"
 32, 4,18,  6,  4,   ,     FPT, 29,0.10,   5.176,,
 32, 6,13,  4,  8,   , combine, 27,0.16,   0.000,"[8,10 1,7,7,7,15,18,21,4,14,0,17,8 12 1,1,13,11,4 6,7,20,19,9,4,6,6,8,16,1 0]","[4 6,17,7,1,20,7,4,21,8,6,13,18,11,9,14,19,8 12 1,6,0,16,15,4,7,10 1,1 0,7,8]"
 32, 6,13,  4,  8,   ,combineS, 27,0.16,   0.000,"[8,10 1,7,7,7,15,18,21,4,14,0,17,8 12 1,1,13,11,4 6,7,20,19,9,4,6,6,8,16,1 0]","[4 6,17,7,1,20,7,4,21,8,6,13,18,11,9,14,19,8 12 1,6,0,16,15,4,7,10 1,1 0,7,8]"
 32, 6,13,  4,  8,   ,  greedy, 27,0.16,   0.002,"[8,10 1,7,7,7,15,18,21,4,14,0,17,8 12 1,1,13,11,4 6,7,20,19,9,4,6,6,8,16,1 0]","[4 6,17,7,1,20,7,4,21,8,6,13,18,11,9,14,19,8 12 1,6,0,16,15,4,7,10 1,1 0,7,8]"
 32, 6,13,  4,  8,  0,     pso, 27,0.16,   0.926,"[8,10 1,7,7,7,15,18,21,4,14,0,17,8 12 1,1,13,11,4 6,7,20,19,9,4,6,6,8,16,1 0]","[4 6,17,7,1,20,7,4,21,8,6,13,18,11,9,14,19,8 12 1,6,0,16,15,4,7,10 1,1 0,7,8]"
 32, 6,13,  4,  8,  0, psoPure, 27,0.16,   0.930,"[8,10 1,7,7,7,15,18,21,4,14,0,17,8 12 1,1,13,11,4,6,7,20,19,9,4 6,6,8,16,1 0]","[4 6,17,7,1,20,7,4,21,8,6,13,18,11,9,14,19,8 12 1,6,0,16,15,4,7,10 1,1 0,7,8]"
 32, 6,13,  4,  8,   ,     FPT, 27,0.16,   3.503,,
 33,10, 4,  5, 13,   , combine, 27,0.19,   0.000,"[0,12,9,5 2,13,2,6,1,6,1 3,3 3,5,2 8,2,2,0,8,8,7 8,1,9,10,11,4,3,3 7,4]","[6,0,2,2 8,4,8,1,1 3,0,9,13,6,5,1,3 7,3,2,9,11,10,4,5 2,7 8,3 3,2,8,12]"
 33,10, 4,  5, 13,   ,combineS, 27,0.19,   0.000,"[0,12,9,5 2,13,2,6,1,6,1 3,3 3,5,2 8,2,2,0,8,8,7 8,1,9,10,11,4,3,3 7,4]","[6,0,2,2 8,4,8,1,1 3,0,9,13,6,5,1,3 7,3,2,9,11,10,4,5 2,7 8,3 3,2,8,12]"
 33,10, 4,  5, 13,   ,  greedy, 27,0.19,   0.003,"[0,12,9,5 2,13,2,6,1,6,1 3,3 3,5,2 8,2,2,0,8,8,7,8 1,9,10,11,4,3,3 7,4]","[6,0,2,2 8,4,8 1,1 3,0,9,13,6,5,1,3 7,3,2,9,11,10,4,5 2,7,8,3 3,2,8,12]"
 33,10, 4,  5, 13,  0,     pso, 26,0.22,   1.788,"[0,12,9,5 2,13,2,6,1,6,1 3,3 3,5,2 8,2 2,0,8,8,7,8 1,9,10,11,4,3,3 7,4]","[6,0,2 2,8,4,8 1,1 3,0,9,13,6,5,1,3 7,3,2,9,11,10,4,5 2,7,8,3 3,2 8,12]"
 33,10, 4,  5, 13,  0, psoPure, 26,0.22,   1.795,"[0,12,9,5 2,13,2,6,1,6,1 3,3 3,5,2 8,2 2,0,8,8,7 8,1,9,10,11,4,3,3 7,4]","[6,0,2 2,8,4,8,1,1 3,0,9,13,6,5,1,3 7,3,2,9,11,10,4,5 2,7 8,3 3,2 8,12]"
 33,10, 4,  5, 13,   ,     FPT, 26,0.22,  30.184,,
 33, 5,13,  6,  9,   , combine, 28,0.16,   0.000,"[3 9,17,15,14,2,18,10,4,2,11,7,5,12,6,5,19,4 3,16,3 2,5 4,2,3,3,13,6,8,3 6,4]","[17,11,6,7,3,4,5 4,10,19,2,12,15,2,2,5,16,13,5,4,6,3,3 2,3 6,3 9,4 3,8,18,14]"
 33, 5,13,  6,  9,   ,combineS, 28,0.16,   0.000,"[3 9,17,15,14,2,18,10,4,2,11,7,5,12,6,5,19,4 3,16,3 2,5 4,2,3,3,13,6,8,3 6,4]","[17,11,6,7,3,4,5 4,10,19,2,12,15,2,2,5,16,13,5,4,6,3,3 2,3 6,3 9,4 3,8,18,14]"
 33, 5,13,  6,  9,   ,  greedy, 28,0.16,   0.002,"[3 9,17,15,14,2,18,10,4,2,11,7,5,12,6,5,19,4 3,16,3,2,5 4,2,3 3,13,6,8,3 6,4]","[17,11,6,7,3,4,5 4,10,19,2,12,15,2,2,5,16,13,5,4,6,3 3,2,3 6,3 9,4 3,8,18,14]"
 33, 5,13,  6,  9,  0,     pso, 28,0.16,   1.115,"[3 9,17,15,14,2,18,10,4,2,11,7,5,12,6,5,19,4 3,16,3 2,5 4,2,3,3,13,6,8,3 6,4]","[17,11,6,7,3,4,5 4,10,19,2,12,15,2,2,5,16,13,5,4,6,3,3 2,3 6,3 9,4 3,8,18,14]"
 33, 5,13,  6,  9,  0, psoPure, 28,0.16,   1.119,"[3 9,17,15,14,2,18,10,4,2,11,7,5,12,6,5,19,4 3,16,3,2,5 4,2,3 3,13,6,8,3 6,4]","[17,11,6,7,3,4,5,4,10,19,2,12,15,2,2,5,16,13,5 4,6,3 3,2,3 6,3 9,4 3,8,18,14]"
 33, 5,13,  6,  9,   ,     FPT, 28,0.16,  27.011,,
 33, 6,15,  5,  8,   , combine, 29,0.12,   0.000,"[1 18,5,0,1,11,7,8,2 13,14 1,17,12,10,5,15,19,4,20,1,0 2,0,16,3,3,2,9,4,6,5,1]","[1,3,0,20,8,6,2 13,10,1,5,4,3,19,15,5,11,16,0 2,9,1 18,14 1,0,2,17,1,4,7,5,12]"
 33, 6,15,  5,  8,   ,combineS, 28,0.16,   0.000,"[1 18,5,0,1,11,7,8,2 13,14 1,17,12,10,5,15,19,4,20,1,0 2,0,16,3,3,2 9,4,6,5,1]","[1,3,0,20,8,6,2 13,10,1,5,4,3,19,15,5,11,16,0,2 9,1 18,14 1,0 2,17,1,4,7,5,12]"
 33, 6,15,  5,  8,   ,  greedy, 28,0.16,   0.002,"[1 18,5,0,1,11,7,8,2 13,14,1,17,12,10,5,15,19,4,20,1 0 2,0,16,3,3,2 9,4,6,5,1]","[1,3,0,20,8,6,2 13,10,1,5,4,3,19,15,5,11,16,0,2 9,1 18,14,1 0 2,17,1,4,7,5,12]"
 33, 6,15,  5,  8,  0,     pso, 28,0.16,   0.889,"[1 18,5,0,1,11,7,8,2 13,14,1,17,12,10,5,15,19,4,20,1 0 2,0,16,3,3,2 9,4,6,5,1]","[1,3,0,20,8,6,2 13,10,1,5,4,3,19,15,5,11,16,0,2 9,1 18,14,1 0 2,17,1,4,7,5,12]"
 33, 6,15,  5,  8,  0, psoPure, 28,0.16,   0.924,"[1 18,5,0,1,11,7,8,2 13,14 1,17,12,10,5,15,19,4,20,1,0 2,0,16,3,3,2 9,4,6,5,1]","[1,3,0,20,8,6,2 13,10,1,5,4,3,19,15,5,11,16,0,2 9,1 18,14 1,0 2,17,1,4,7,5,12]"
 33, 6,15,  5,  8,   ,     FPT, 27,0.19,   0.442,,
 33, 6, 8,  6, 14,   , combine, 27,0.19,   0.000,"[5 2,7,3,4 8,4,4,1 4,3,6,1,5 1,1,12,13,2,5 1,11,3,5,5,9,0,2,5,0,0 10,0]","[5 2,6,3,0,3,0,4,5,5 1,12,5,4 8,0 10,5 1,0,9,1 4,7,1,2,3,2,4,13,5,1,11]"
 33, 6, 8,  6, 14,   ,combineS, 24,0.28,   0.000,"[5 2,7,3,4 8,4,4,1 4,3,6,1,5 1,1 12,13,2,5 1 11,3,5 5,9,0,2,5,0,0 10,0]","[5 2,6,3,0,3,0,4,5 5,1 12,5,4 8,0 10,5 1,0,9,1 4,7,1,2,3,2,4,13,5 1 11]"
 33, 6, 8,  6, 14,   ,  greedy, 24,0.28,   0.002,"[5 2,7,3,4 8,4,4,1 4,3,6,1,5 1,1 12,13,2,5 1 11,3,5 5,9,0,2,5,0,0 10,0]","[5 2,6,3,0,3,0,4,5 5,1 12,5,4 8,0 10,5 1,0,9,1 4,7,1,2,3,2,4,13,5 1 11]"
 33, 6, 8,  6, 14,  0,     pso, 24,0.28,   2.266,"[5 2,7,3,4 8,4,4,1 4,3,6,1,5 1,1 12,13,2,5 1 11,3,5 5,9,0,2,5,0,0 10,0]","[5 2,6,3,0,3,0,4,5 5,1 12,5,4 8,0 10,5 1,0,9,1 4,7,1,2,3,2,4,13,5 1 11]"
 33, 6, 8,  6, 14,  0, psoPure, 24,0.28,   2.193,"[5 2,7,3,4 8,4,4,1 4,3,6,1,5 1,1 12,13,2,5 1 11,3,5 5,9,0,2,5,0,0 10,0]","[5 2,6,3,0,3,0,4,5 5,1 12,5,4 8,0 10,5 1,0,9,1 4,7,1,2,3,2,4,13,5 1 11]"
 33, 6, 8,  6, 14,   ,     FPT, 23,0.31, 198.253,,
 33, 8, 3,  7, 11,   , combine, 28,0.16,   0.000,"[3,2,7 5,10,1,6,4,7,5,5,2,1 1,4,7,7 1,1,1,2,6,0,1 5,3,8,9,0,6,3 5,0]","[6,6,7 1,9,2,5,1,8,7,3 5,3,7,1,4,1,3,10,0,5,4,2,2,0,7 5,6,1 5,1 1,0]"
 33, 8, 3,  7, 11,   ,combineS, 28,0.16,   0.000,"[3,2,7 5,10,1,6,4,7,5,5,2,1 1,4,7,7 1,1,1,2,6,0,1 5,3,8,9,0,6,3 5,0]","[6,6,7 1,9,2,5,1,8,7,3 5,3,7,1,4,1,3,10,0,5,4,2,2,0,7 5,6,1 5,1 1,0]"
 33, 8, 3,  7, 11,   ,  greedy, 28,0.16,   0.003,"[3,2,7 5,10,1,6,4,7,5,5,2,1 1,4,7,7 1,1,1,2,6,0,1 5,3,8,9,0,6,3 5,0]","[6,6,7 1,9,2,5,1,8,7,3 5,3,7,1,4,1,3,10,0,5,4,2,2,0,7 5,6,1 5,1 1,0]"
 33, 8, 3,  7, 11,  0,     pso, 27,0.19,   1.541,"[3,2,7 5,10,1,6,4,7,5,5,2,1,1 4,7,7 1,1 1,2,6,0,1 5,3,8,9,0,6,3 5,0]","[6,6,7 1,9,2,5,1,8,7,3 5,3,7,1 4,1,3,10,0,5,4,2,2,0,7 5,6,1 5,1 1,0]"
 33, 8, 3,  7, 11,  0, psoPure, 27,0.19,   1.517,"[3,2,7 5,10,1,6,4,7,5,5,2,1,1 4,7,7 1,1 1,2,6,0,1 5,3,8,9,0,6,3 5,0]","[6,6,7 1,9,2,5,1,8,7,3 5,3,7,1 4,1,3,10,0,5,4,2,2,0,7 5,6,1 5,1 1,0]"
 33, 8, 3,  7, 11,   ,     FPT, 25,0.25,1971.766,,
 34, 8, 5,  5,  8,   , combine, 29,0.15,   0.000,"[5 4,1,7,12,0,0,6,7,7,3,2,6,4,6,3 3,10,5,5,11,2 0,0,2 2,5,4,4,6,8,2 1,9]","[4,5,5 4,0,7,6,6,2 1,6,12,6,2 2,8,4,2 0,7,0,1,5,0,5,3 3,3,4,10,9,11,7,2]"
 34, 8, 5,  5,  8,   ,combineS, 29,0.15,   0.000,"[5 4,1,7,12,0,0,6,7,7,3,2,6,4,6,3 3,10,5,5,11,2 0,0,2 2,5,4,4,6,8,2 1,9]","[4,5,5 4,0,7,6,6,2 1,6,12,6,2 2,8,4,2 0,7,0,1,5,0,5,3 3,3,4,10,9,11,7,2]"
 34, 8, 5,  5,  8,   ,  greedy, 29,0.15,   0.003,"[5,4,1,7,12,0,0,6,7,7,3,2,6,4,6,3 3,10,5 5,11,2 0,0,2 2,5,4,4,6,8,2 1,9]","[4,5 5,4,0,7,6,6,2 1,6,12,6,2 2,8,4,2 0,7,0,1,5,0,5,3 3,3,4,10,9,11,7,2]"
 34, 8, 5,  5,  8,  0,     pso, 29,0.15,   1.195,"[5 4,1,7,12,0,0,6,7,7,3,2,6,4,6,3 3,10,5,5,11,2 0,0,2 2,5,4,4,6,8,2 1,9]","[4,5,5 4,0,7,6,6,2 1,6,12,6,2 2,8,4,2 0,7,0,1,5,0,5,3 3,3,4,10,9,11,7,2]"
 34, 8, 5,  5,  8,  0, psoPure, 29,0.15,   1.231,"[5 4,1,7,12,0,0,6,7,7,3,2,6,4,6,3 3,10,5,5,11,2 0,0,2 2,5,4,4,6,8,2 1,9]","[4,5,5 4,0,7,6,6,2 1,6,12,6,2 2,8,4,2 0,7,0,1,5,0,5,3 3,3,4,10,9,11,7,2]"
 34, 8, 5,  5,  8,   ,     FPT, 28,0.18,2827.699,,
 34, 8, 8,  6,  9,   , combine, 28,0.18,   0.000,"[1,9 6,0,0 13,17,3,12,9,1,15,5,11,14,4,0 9,16,6,10,4,3,0,0 5,9 3,8,8,4 9,0,5]","[0,17,9 6,11,0,4,1,4 9,0 13,8,12,4,6,9 3,5,0 5,0 9,8,0,10,5,16,9,15,3,1,14,3]"
 34, 8, 8,  6,  9,   ,combineS, 28,0.18,   0.000,"[1,9 6,0,0 13,17,3,12,9,1,15,5,11,14,4,0 9,16,6,10,4,3,0,0 5,9 3,8,8,4 9,0,5]","[0,17,9 6,11,0,4,1,4 9,0 13,8,12,4,6,9 3,5,0 5,0 9,8,0,10,5,16,9,15,3,1,14,3]"
 34, 8, 8,  6,  9,   ,  greedy, 28,0.18,   0.003,"[1,9 6,0,0,13,17,3,12,9,1,15,5,11,14,4,0 9,16,6,10,4,3,0,0 5,9 3,8,8,4 9 0,5]","[0,17,9 6,11,0,4,1,4 9 0,13,8,12,4,6,9 3,5,0 5,0 9,8,0,10,5,16,9,15,3,1,14,3]"
 34, 8, 8,  6,  9,  0,     pso, 28,0.18,   1.206,"[1,9 6,0,0,13,17,3,12,9,1,15,5,11,14,4,0 9,16,6,10,4,3,0,0 5,9 3,8,8,4 9 0,5]","[0,17,9 6,11,0,4,1,4 9 0,13,8,12,4,6,9 3,5,0 5,0 9,8,0,10,5,16,9,15,3,1,14,3]"
 34, 8, 8,  6,  9,  0, psoPure, 28,0.18,   1.197,"[1,9 6,0,0 13,17,3,12,9,1,15,5,11,14,4,0 9,16,6,10,4,3,0,0,5,9 3,8,8,4 9,0 5]","[0,17,9 6,11,0,4,1,4 9,0 13,8,12,4,6,9 3,5,0 5,0 9,8,0,10,5,16,9,15,3,1,14,3]"
 34, 8, 8,  6,  9,   ,     FPT, 27,0.21,  22.332,,
 34, 5,18,  4,  2,   , combine, 32,0.06,   0.000,"[17,7,2,1,1,21,15,3,22,16,9,1,2,18,0,6,4,4,8,11,20,1 19,0 23,3,0,13,14,0,12,2,10,3]","[1,9,14,1,20,8,2,21,3,2,6,3,4,0,0,16,4,10,13,0 23,18,1 19,2,12,22,7,0,17,3,1,11,15]"
 34, 5,18,  4,  2,   ,combineS, 32,0.06,   0.000,"[17,7,2,1,1,21,15,3,22,16,9,1,2,18,0,6,4,4,8,11,20,1 19,0 23,3,0,13,14,0,12,2,10,3]","[1,9,14,1,20,8,2,21,3,2,6,3,4,0,0,16,4,10,13,0 23,18,1 19,2,12,22,7,0,17,3,1,11,15]"
 34, 5,18,  4,  2,   ,  greedy, 32,0.06,   0.003,"[17,7,2,1,1,21,15,3,22,16,9,1,2,18,0,6,4,4,8,11,20,1 19,0 23,3,0,13,14,0,12,2,10,3]","[1,9,14,1,20,8,2,21,3,2,6,3,4,0,0,16,4,10,13,0 23,18,1 19,2,12,22,7,0,17,3,1,11,15]"
 34, 5,18,  4,  2,  0,     pso, 32,0.06,   0.139,"[17,7,2,1,1,21,15,3,22,16,9,1,2,18,0,6,4,4,8,11,20,1 19,0 23,3,0,13,14,0,12,2,10,3]","[1,9,14,1,20,8,2,21,3,2,6,3,4,0,0,16,4,10,13,0 23,18,1 19,2,12,22,7,0,17,3,1,11,15]"
 34, 5,18,  4,  2,  0, psoPure, 32,0.06,   0.141,"[17,7,2,1,1,21,15,3,22,16,9,1,2,18,0,6,4,4,8,11,20,1 19,0 23,3,0,13,14,0,12,2,10,3]","[1,9,14,1,20,8,2,21,3,2,6,3,4,0,0,16,4,10,13,0 23,18,1 19,2,12,22,7,0,17,3,1,11,15]"
 34, 5,18,  4,  2,   ,     FPT, 31,0.09,   1.610,,
 34, 6,15,  6,  9,   , combine, 30,0.12,   0.000,"[9,6,15,5,4,2,14,0 0,8,1,21,0,2,18,4,1 2 1,7,6,10,17,5,1,20,11,13,12 2,2,2,19,16]","[6,5,6,0 0,13,7,5,10,1 2 1,11,17,14,21,4,18,8,2,1,2,20,19,2,15,9,16,0,12 2,1,2,4]"
 34, 6,15,  6,  9,   ,combineS, 30,0.12,   0.001,"[9,6,15,5,4,2,14,0 0,8,1,21,0,2,18,4,1 2 1,7,6,10,17,5,1,20,11,13,12 2,2,2,19,16]","[6,5,6,0 0,13,7,5,10,1 2 1,11,17,14,21,4,18,8,2,1,2,20,19,2,15,9,16,0,12 2,1,2,4]"
 34, 6,15,  6,  9,   ,  greedy, 30,0.12,   0.003,"[9,6,15,5,4,2,14,0 0,8,1,21,0,2,18,4,1 2 1,7,6,10,17,5,1,20,11,13,12 2,2,2,19,16]","[6,5,6,0 0,13,7,5,10,1 2 1,11,17,14,21,4,18,8,2,1,2,20,19,2,15,9,16,0,12 2,1,2,4]"
 34, 6,15,  6,  9,  0,     pso, 30,0.12,   0.702,"[9,6,15,5,4,2,14,0 0,8,1,21,0,2,18,4,1 2 1,7,6,10,17,5,1,20,11,13,12 2,2,2,19,16]","[6,5,6,0 0,13,7,5,10,1 2 1,11,17,14,21,4,18,8,2,1,2,20,19,2,15,9,16,0,12 2,1,2,4]"
 34, 6,15,  6,  9,  0, psoPure, 30,0.12,   0.685,"[9,6,15,5,4,2,14,0 0,8,1,21,0,2,18,4,1 2 1,7,6,10,17,5,1,20,11,13,12 2,2,2,19,16]","[6,5,6,0 0,13,7,5,10,1 2 1,11,17,14,21,4,18,8,2,1,2,20,19,2,15,9,16,0,12 2,1,2,4]"
 34, 6,15,  6,  9,   ,     FPT, 30,0.12,   6.205,,
 34, 8,12,  5,  8,   , combine, 29,0.15,   0.000,"[3,8,11,8,10,4,16,15,1,17,4,9,14 4,0,18,1,12,3,20,0 13 19,8,5,4,1 3,9,21,5,4 7,7]","[4,0 13 19,7,9,8,21,1 3,4 7,8,15,5,16,4,17,9,8,4,5,18,10,0,12,1,3,3,1,11,14 4,20]"
 34, 8,12,  5,  8,   ,combineS, 29,0.15,   0.000,"[3,8,11,8,10,4,16,15,1,17,4,9,14 4,0,18,1,12,3,20,0 13 19,8,5,4,1 3,9,21,5,4 7,7]","[4,0 13 19,7,9,8,21,1 3,4 7,8,15,5,16,4,17,9,8,4,5,18,10,0,12,1,3,3,1,11,14 4,20]"
 34, 8,12,  5,  8,   ,  greedy, 29,0.15,   0.002,"[3,8,11,8,10,4,16,15,1,17,4,9,14 4,0,18,1,12,3,20,0 13 19,8,5,4,1 3,9,21,5,4 7,7]","[4,0 13 19,7,9,8,21,1 3,4 7,8,15,5,16,4,17,9,8,4,5,18,10,0,12,1,3,3,1,11,14 4,20]"
 34, 8,12,  5,  8,  0,     pso, 29,0.15,   0.878,"[3,8,11,8,10,4,16,15,1,17,4,9,14 4,0,18,1,12,3,20,0 13 19,8,5,4,1 3,9,21,5,4 7,7]","[4,0 13 19,7,9,8,21,1 3,4 7,8,15,5,16,4,17,9,8,4,5,18,10,0,12,1,3,3,1,11,14 4,20]"
 34, 8,12,  5,  8,  0, psoPure, 29,0.15,   0.871,"[3,8,11,8,10,4,16,15,1,17,4,9,14 4,0,18,1,12,3,20,0 13 19,8,5,4,1 3,9,21,5,4 7,7]","[4,0 13 19,7,9,8,21,1 3,4 7,8,15,5,16,4,17,9,8,4,5,18,10,0,12,1,3,3,1,11,14 4,20]"
 34, 8,12,  5,  8,   ,     FPT, 29,0.15,   2.552,,
 35, 5,16,  6,  7,   , combine, 29,0.18,   0.000,"[13,19,9,4,5 8,14,18,1,16,1,20,0 12,10,1 3,2,6,0 2,2,3,0,11,2,15 0,0 3,3,4,0,17,7]","[20,17,2,4,3,6,9,1 3,1,18,0 3,0 12,14,0,10,13,3,19,2,7,5 8,2,0,1,15 0,16,0 2,11,4]"
 35, 5,16,  6,  7,   ,combineS, 29,0.18,   0.001,"[13,19,9,4,5 8,14,18,1,16,1,20,0 12,10,1 3,2,6,0 2,2,3,0,11,2,15 0,0 3,3,4,0,17,7]","[20,17,2,4,3,6,9,1 3,1,18,0 3,0 12,14,0,10,13,3,19,2,7,5 8,2,0,1,15 0,16,0 2,11,4]"
 35, 5,16,  6,  7,   ,  greedy, 30,0.15,   0.003,"[13,19,9,4,5 8,14,18,1,16,1,20,0,12,10,1 3,2,6,0 2,2,3 0,11,2,15 0,0,3,3,4,0,17,7]","[20,17,2,4,3,6,9,1 3,1,18,0,3 0,12,14,0,10,13,3,19,2,7,5 8,2,0,1,15 0,16,0 2,11,4]"
 35, 5,16,  6,  7,  0,     pso, 29,0.18,   1.107,"[13,19,9,4,5 8,14,18,1,16,1,20,0 12,10,1 3,2,6,0 2,2,3,0,11,2,15 0,0 3,3,4,0,17,7]","[20,17,2,4,3,6,9,1 3,1,18,0 3,0 12,14,0,10,13,3,19,2,7,5 8,2,0,1,15 0,16,0 2,11,4]"
 35, 5,16,  6,  7,  0, psoPure, 29,0.18,   1.077,"[13,19,9,4,5 8,14,18,1,16,1,20,0 12,10,1 3,2,6,0 2,2,3,0,11,2,15 0,0 3,3,4,0,17,7]","[20,17,2,4,3,6,9,1 3,1,18,0 3,0 12,14,0,10,13,3,19,2,7,5 8,2,0,1,15 0,16,0 2,11,4]"
 35, 5,16,  6,  7,   ,     FPT, 29,0.18,  28.397,,
 35, 6,18,  4, 10,   , combine, 32,0.09,   0.000,"[10,11,18,3,0 2,5 4,4,14,23 1,16,12,20,22,2,1,24,0,8,3,4,21,9,19,15,13,2,5,0,7,1,17,2]","[19,23 1,24,2,5 4,21,12,3,14,13,10,0 2,18,9,1,0,2,2,22,20,8,15,7,5,1,0,16,4,4,3,17,11]"
 35, 6,18,  4, 10,   ,combineS, 30,0.15,   0.000,"[10,11,18,3,0 2,5,4 4,14,23 1,16,12,20,22,2,1,24,0,8,3,4 21,9,19,15,13,2 5,0,7,1,17,2]","[19,23 1,24,2 5,4 21,12,3,14,13,10,0 2,18,9,1,0,2,2,22,20,8,15,7,5,1,0,16,4 4,3,17,11]"
 35, 6,18,  4, 10,   ,  greedy, 32,0.09,   0.003,"[10,11,18,3,0,2 5 4,4,14,23 1,16,12,20,22,2,1,24,0,8,3,4,21,9,19,15,13,2,5,0,7,1,17,2]","[19,23 1,24,2 5 4,21,12,3,14,13,10,0,2,18,9,1,0,2,2,22,20,8,15,7,5,1,0,16,4,4,3,17,11]"
 35, 6,18,  4, 10,  0,     pso, 30,0.15,   1.127,"[10,11,18,3,0 2,5,4 4,14,23,1,16,12,20,22,2,1 24,0,8,3,4 21,9,19,15,13,2 5,0,7,1,17,2]","[19,23,1 24,2 5,4 21,12,3,14,13,10,0,2,18,9,1,0 2,2,22,20,8,15,7,5,1,0,16,4 4,3,17,11]"
 35, 6,18,  4, 10,  0, psoPure, 30,0.15,   1.230,"[10,11,18,3,0 2,5,4 4,14,23,1,16,12,20,22,2,1 24,0,8,3,4 21,9,19,15,13,2 5,0,7,1,17,2]","[19,23,1 24,2 5,4 21,12,3,14,13,10,0,2,18,9,1,0 2,2,22,20,8,15,7,5,1,0,16,4 4,3,17,11]"
 35, 6,18,  4, 10,   ,     FPT, 30,0.15,   1.446,,
 35, 6,14,  5,  9,   , combine, 30,0.15,   0.000,"[7,16,8,5 1,4,1,14,7,0,20,19,5,0 1,4 12,15,18,0,9,10,21,13,1 4 4,11,1,0,4,2,7,2,17]","[11,7,9,18,1 4 4,0,4 12,19,8,2,0,2,5 1,1,20,7,4,5,21,0 1,13,0,7,1,15,14,16,4,10,17]"
 35, 6,14,  5,  9,   ,combineS, 30,0.15,   0.000,"[7,16,8,5 1,4,1,14,7,0,20,19,5,0 1,4 12,15,18,0,9,10,21,13,1 4 4,11,1,0,4,2,7,2,17]","[11,7,9,18,1 4 4,0,4 12,19,8,2,0,2,5 1,1,20,7,4,5,21,0 1,13,0,7,1,15,14,16,4,10,17]"
 35, 6,14,  5,  9,   ,  greedy, 30,0.15,   0.003,"[7,16,8,5 1,4,1,14,7,0,20,19,5,0 1,4,12,15,18,0,9,10,21,13,1 4 4,11,1,0 4,2,7,2,17]","[11,7,9,18,1 4 4,0 4,12,19,8,2,0,2,5 1,1,20,7,4,5,21,0 1,13,0,7,1,15,14,16,4,10,17]"
 35, 6,14,  5,  9,  0,     pso, 30,0.15,   1.004,"[7,16,8,5 1,4,1,14,7,0,20,19,5,0 1,4 12,15,18,0,9,10,21,13,1 4 4,11,1,0,4,2,7,2,17]","[11,7,9,18,1 4 4,0,4 12,19,8,2,0,2,5 1,1,20,7,4,5,21,0 1,13,0,7,1,15,14,16,4,10,17]"
 35, 6,14,  5,  9,  0, psoPure, 30,0.15,   0.962,"[7,16,8,5 1,4,1,14,7,0,20,19,5,0 1,4 12,15,18,0,9,10,21,13,1 4 4,11,1,0,4,2,7,2,17]","[11,7,9,18,1 4 4,0,4 12,19,8,2,0,2,5 1,1,20,7,4,5,21,0 1,13,0,7,1,15,14,16,4,10,17]"
 35, 6,14,  5,  9,   ,     FPT, 28,0.21,  22.251,,
 35, 6,19,  4,  4,   , combine, 31,0.12,   0.000,"[17,22,5,6,10,8,4,25,4,20,4,3,7,19 16,13,24,6 11,23,15,7,9,14,6 3,26,12,18,5 1,6,5,21,1]","[22,23,5,25,7,6,6 3,21,8,26,5 1,13,6 11,24,3,19 16,15,5,7,17,4,12,20,18,6,14,4,10,9,4,1]"
 35, 6,19,  4,  4,   ,combineS, 31,0.12,   0.000,"[17,22,5,6,10,8,4,25,4,20,4,3,7,19 16,13,24,6 11,23,15,7,9,14,6 3,26,12,18,5 1,6,5,21,1]","[22,23,5,25,7,6,6 3,21,8,26,5 1,13,6 11,24,3,19 16,15,5,7,17,4,12,20,18,6,14,4,10,9,4,1]"
 35, 6,19,  4,  4,   ,  greedy, 31,0.12,   0.003,"[17,22,5,6,10,8,4,25,4,20,4,3,7,19 16,13,24,6 11,23,15,7,9,14,6 3,26,12,18,5 1,6,5,21,1]","[22,23,5,25,7,6,6 3,21,8,26,5 1,13,6 11,24,3,19 16,15,5,7,17,4,12,20,18,6,14,4,10,9,4,1]"
 35, 6,19,  4,  4,  0,     pso, 31,0.12,   0.493,"[17,22,5,6,10,8,4,25,4,20,4,3,7,19 16,13,24,6 11,23,15,7,9,14,6 3,26,12,18,5 1,6,5,21,1]","[22,23,5,25,7,6,6 3,21,8,26,5 1,13,6 11,24,3,19 16,15,5,7,17,4,12,20,18,6,14,4,10,9,4,1]"
 35, 6,19,  4,  4,  0, psoPure, 31,0.12,   0.473,"[17,22,5,6,10,8,4,25,4,20,4,3,7,19 16,13,24,6 11,23,15,7,9,14,6 3,26,12,18,5 1,6,5,21,1]","[22,23,5,25,7,6,6 3,21,8,26,5 1,13,6 11,24,3,19 16,15,5,7,17,4,12,20,18,6,14,4,10,9,4,1]"
 35, 6,19,  4,  4,   ,     FPT, 30,0.15,   0.034,,
 35, 5,20,  4,  4,   , combine, 31,0.12,   0.000,"[2 6,1,21,2,17,24,0,19,2,16,9,13,7,4,22,3 2,3,11,15,14,8,10,4,20,3,12,23,0,1 1,18,5 3]","[18,21,0,11,17,14,2,10,12,22,4,3 2,9,20,8,3,15,3,1 1,7,2,23,4,5 3,0,2 6,16,13,24,1,19]"
 35, 5,20,  4,  4,   ,combineS, 31,0.12,   0.000,"[2 6,1,21,2,17,24,0,19,2,16,9,13,7,4,22,3 2,3,11,15,14,8,10,4,20,3,12,23,0,1 1,18,5 3]","[18,21,0,11,17,14,2,10,12,22,4,3 2,9,20,8,3,15,3,1 1,7,2,23,4,5 3,0,2 6,16,13,24,1,19]"
 35, 5,20,  4,  4,   ,  greedy, 31,0.12,   0.003,"[2 6,1,21,2,17,24,0,19,2,16,9,13,7,4,22,3 2,3,11,15,14,8,10,4,20,3,12,23,0,1 1,18,5 3]","[18,21,0,11,17,14,2,10,12,22,4,3 2,9,20,8,3,15,3,1 1,7,2,23,4,5 3,0,2 6,16,13,24,1,19]"
 35, 5,20,  4,  4,  0,     pso, 31,0.12,   0.477,"[2 6,1,21,2,17,24,0,19,2,16,9,13,7,4,22,3 2,3,11,15,14,8,10,4,20,3,12,23,0,1 1,18,5 3]","[18,21,0,11,17,14,2,10,12,22,4,3 2,9,20,8,3,15,3,1 1,7,2,23,4,5 3,0,2 6,16,13,24,1,19]"
 35, 5,20,  4,  4,  0, psoPure, 31,0.12,   0.474,"[2 6,1,21,2,17,24,0,19,2,16,9,13,7,4,22,3 2,3,11,15,14,8,10,4,20,3,12,23,0,1 1,18,5 3]","[18,21,0,11,17,14,2,10,12,22,4,3 2,9,20,8,3,15,3,1 1,7,2,23,4,5 3,0,2 6,16,13,24,1,19]"
 35, 5,20,  4,  4,   ,     FPT, 30,0.15,   0.254,,
 35, 5,10,  8, 25,   , combine, 24,0.32,   0.000,"[4 4,7 4,3,12,3 10,14 5,0 3,9,4,4 2,0,3,0,11,8 4,13,1,6,0,2,1 4,3 3,2,3 4 0]","[13,3 3,3,11,3 10,3 4 0,4 2,2,8 4,1 4,0 3,0,7 4,0,6,3,4,9,4 4,2,12,14 5,1,0]"
 35, 5,10,  8, 25,   ,combineS, 23,0.35,   0.000,"[4,4,7 4,3,12,3 10,14 5,0 3,9 4 4 2,0,3,0,11,8 4,13,1,6,0,2,1 4,3 3,2,3 4 0]","[13,3 3,3,11,3 10,3 4 0,4,2,2,8 4,1 4,0 3,0,7 4,0,6,3,4,9 4 4 2,12,14 5,1,0]"
 35, 5,10,  8, 25,   ,  greedy, 22,0.38,   0.002,"[4,4,7 4,3,12,3 10,14 5,0,3,9 4 4 2,0 3 0,11,8 4,13,1,6,0,2,1 4,3 3,2,3 4 0]","[13,3 3,3,11,3 10,3 4 0,4,2,2,8 4,1 4,0 3 0,7 4,0,6,3,4,9 4 4 2,12,14 5,1,0]"
 35, 5,10,  8, 25,  0,     pso, 22,0.38,   3.979,"[4,4,7 4,3,12,3 10,14 5,0,3,9 4 4 2,0 3 0,11,8 4,13,1,6,0,2,1 4,3 3,2,3 4 0]","[13,3 3,3,11,3 10,3 4 0,4,2,2,8 4,1 4,0 3 0,7 4,0,6,3,4,9 4 4 2,12,14 5,1,0]"
 35, 5,10,  8, 25,  0, psoPure, 22,0.38,   3.876,"[4,4,7 4,3,12,3 10,14 5,0,3,9 4 4 2,0 3 0,11,8 4,13,1,6,0,2,1 4,3 3,2,3 4 0]","[13,3 3,3,11,3 10,3 4 0,4,2,2,8 4,1 4,0 3 0,7 4,0,6,3,4,9 4 4 2,12,14 5,1,0]"
 35, 5,10,  8, 25,   ,     FPT, 21,0.41, 375.259,,
 36, 9, 8,  6,  8,   , combine, 30,0.17,   0.000,"[13,1,16 0,1 1,6,15,14,6,2,2 3,0,0 7,5 0,0,7,9,5,7,4,3,8,2,6,4,0,8,3 11,10,12,7]","[0,9,16 0,3,6,7,2,7,0 7,13,7,6,5,2 3,3 11,5 0,10,14,12,8,0,4,4,1 1,15,8,0,2,1,6]"
 36, 9, 8,  6,  8,   ,combineS, 30,0.17,   0.000,"[13,1,16 0,1 1,6,15,14,6,2,2 3,0,0 7,5 0,0,7,9,5,7,4,3,8,2,6,4,0,8,3 11,10,12,7]","[0,9,16 0,3,6,7,2,7,0 7,13,7,6,5,2 3,3 11,5 0,10,14,12,8,0,4,4,1 1,15,8,0,2,1,6]"
 36, 9, 8,  6,  8,   ,  greedy, 30,0.17,   0.003,"[13,1,16 0,1,1 6,15,14,6,2,2 3,0,0 7,5 0,0,7,9,5,7,4,3,8,2,6,4,0,8,3 11,10,12,7]","[0,9,16 0,3,6,7,2,7,0 7,13,7,6,5,2 3,3 11,5 0,10,14,12,8,0,4,4,1,1,15,8,0,2,1 6]"
 36, 9, 8,  6,  8,  0,     pso, 30,0.17,   1.246,"[13,1,16 0,1 1,6,15,14,6,2,2 3,0,0 7,5 0,0,7,9,5,7,4,3,8,2,6,4,0,8,3 11,10,12,7]","[0,9,16 0,3,6,7,2,7,0 7,13,7,6,5,2 3,3 11,5 0,10,14,12,8,0,4,4,1 1,15,8,0,2,1,6]"
 36, 9, 8,  6,  8,  0, psoPure, 30,0.17,   1.203,"[13,1,16 0,1 1,6,15,14,6,2,2 3,0,0 7,5 0,0,7,9,5,7,4,3,8,2,6,4,0,8,3 11,10,12,7]","[0,9,16 0,3,6,7,2,7,0 7,13,7,6,5,2 3,3 11,5 0,10,14,12,8,0,4,4,1 1,15,8,0,2,1,6]"
 36, 9, 8,  6,  8,   ,     FPT, 29,0.20,  31.404,,
 36, 8,14,  4,  2,   , combine, 34,0.06,   0.000,"[2,4,22,3,14,15,17,13,6 3,7,10,4,4,6,23,7,5,2,19 0,5,6,18,8,16,3,12,8,6,20,11,8,0,21,0]","[7,22,7,6,0,6 3,4,15,0,17,6,8,11,2,5,12,16,13,18,4,10,20,8,19 0,3,8,21,3,5,23,4,14,2,6]"
 36, 8,14,  4,  2,   ,combineS, 34,0.06,   0.000,"[2,4,22,3,14,15,17,13,6 3,7,10,4,4,6,23,7,5,2,19 0,5,6,18,8,16,3,12,8,6,20,11,8,0,21,0]","[7,22,7,6,0,6 3,4,15,0,17,6,8,11,2,5,12,16,13,18,4,10,20,8,19 0,3,8,21,3,5,23,4,14,2,6]"
 36, 8,14,  4,  2,   ,  greedy, 34,0.06,   0.004,"[2,4,22,3,14,15,17,13,6 3,7,10,4,4,6,23,7,5,2,19 0,5,6,18,8,16,3,12,8,6,20,11,8,0,21,0]","[7,22,7,6,0,6 3,4,15,0,17,6,8,11,2,5,12,16,13,18,4,10,20,8,19 0,3,8,21,3,5,23,4,14,2,6]"
 36, 8,14,  4,  2,  0,     pso, 34,0.06,   0.138,"[2,4,22,3,14,15,17,13,6 3,7,10,4,4,6,23,7,5,2,19 0,5,6,18,8,16,3,12,8,6,20,11,8,0,21,0]","[7,22,7,6,0,6 3,4,15,0,17,6,8,11,2,5,12,16,13,18,4,10,20,8,19 0,3,8,21,3,5,23,4,14,2,6]"
 36, 8,14,  4,  2,  0, psoPure, 34,0.06,   0.134,"[2,4,22,3,14,15,17,13,6 3,7,10,4,4,6,23,7,5,2,19 0,5,6,18,8,16,3,12,8,6,20,11,8,0,21,0]","[7,22,7,6,0,6 3,4,15,0,17,6,8,11,2,5,12,16,13,18,4,10,20,8,19 0,3,8,21,3,5,23,4,14,2,6]"
 36, 8,14,  4,  2,   ,     FPT, 34,0.06,   2.405,,
